Date,Price,Open,High,Low
2014-04-01,36.11,35.5,36.29,34.76
2014-04-02,36.31,36.27,36.44,35.91
2014-04-03,35.86,36.27,37.07,35.51
2014-04-04,36.17,36.03,36.4,35.59
2014-04-07,36.53,36.53,36.81,35.85
2014-04-09,37.69,36.85,37.8,36.81
2014-04-10,37.51,37.67,38.2,37.01
2014-04-11,37.8,37.44,38.08,36.99
2014-04-15,36.75,37.89,38.19,36.63
2014-04-16,37.23,36.82,37.48,36.48
2014-04-17,37.69,37.16,37.78,37.03
2014-04-21,38.09,37.71,38.28,37.58
2014-04-22,37.89,38.0,38.13,37.62
2014-04-23,38.39,37.97,38.6,37.82
2014-04-25,38.36,38.51,38.94,38.03
2014-04-28,38.33,38.34,38.87,38.15
2014-04-29,36.49,38.49,38.61,36.37
2014-04-30,36.05,36.57,36.67,35.4
2014-05-02,35.16,36.34,36.58,34.99
2014-05-05,35.75,35.25,36.32,34.98
2014-05-06,36.07,36.02,36.36,35.86
2014-05-07,35.99,36.06,36.3,35.68
2014-05-08,36.2,36.22,36.55,35.91
2014-05-09,37.52,36.07,37.86,35.91
2014-05-12,37.82,37.52,38.43,37.48
2014-05-13,38.42,38.25,39.71,37.92
2014-05-14,40.69,38.7,40.9,38.7
2014-05-15,41.46,41.03,42.11,40.59
2014-05-16,39.64,42.38,43.63,38.54
2014-05-19,40.61,39.87,41.43,39.26
2014-05-20,42.02,41.01,42.62,40.87
2014-05-21,41.61,42.11,42.34,41.18
2014-05-22,42.39,41.98,42.96,41.89
2014-05-23,42.97,42.45,43.46,42.3
2014-05-26,42.15,43.33,44.54,40.95
2014-05-27,42.9,42.11,43.01,41.57
2014-05-28,42.18,43.19,43.52,42.03
2014-05-29,41.9,42.38,42.67,41.71
2014-05-30,42.74,42.11,42.87,41.71
2014-06-02,44.35,42.92,44.63,42.47
2014-06-03,47.31,44.81,47.44,44.68
2014-06-04,48.29,47.51,48.89,47.28
2014-06-05,49.95,48.37,50.27,48.37
2014-06-06,50.42,50.51,51.19,49.71
2014-06-09,51.63,50.69,52.07,50.42
2014-06-10,50.29,51.74,51.83,49.8
2014-06-11,49.42,50.39,50.89,49.07
2014-06-12,49.49,49.45,50.16,48.94
2014-06-13,47.31,49.49,49.76,47.11
2014-06-16,47.23,47.29,47.67,46.12
2014-06-17,47.88,47.16,48.05,46.25
2014-06-18,46.98,48.14,48.58,46.64
2014-06-19,46.73,47.26,47.34,46.34
2014-06-20,46.77,46.79,48.04,46.61
2014-06-23,47.42,46.83,47.56,46.83
2014-06-24,47.91,47.51,48.22,47.47
2014-06-25,47.77,47.96,48.4,47.69
2014-06-26,47.32,47.95,48.25,47.15
2014-06-27,46.75,47.54,47.78,46.55
2014-06-30,47.54,46.84,47.74,46.79
2014-07-01,48.72,47.69,49.08,47.69
2014-07-02,48.92,49.18,49.49,48.82
2014-07-03,48.53,49.08,49.4,48.41
2014-07-04,48.27,48.77,49.0,47.84
2014-07-07,48.24,48.24,48.88,48.08
2014-07-08,46.19,48.35,48.55,45.89
2014-07-09,46.55,46.31,47.36,46.01
2014-07-10,46.96,46.73,48.36,45.93
2014-07-11,45.08,46.88,47.15,44.91
2014-07-14,46.25,44.72,46.56,44.42
2014-07-15,47.36,46.64,47.6,46.27
2014-07-16,48.84,47.6,49.12,47.29
2014-07-17,50.29,48.86,50.38,48.63
2014-07-18,50.57,50.17,51.1,49.44
2014-07-21,50.58,50.84,51.43,50.42
2014-07-22,50.58,50.92,51.19,49.99
2014-07-23,49.94,50.8,50.94,49.51
2014-07-24,51.03,50.09,51.38,49.8
2014-07-25,50.14,51.3,51.64,49.67
2014-07-28,49.27,50.41,50.75,48.99
2014-07-30,49.03,49.65,49.66,48.35
2014-07-31,49.8,49.04,50.56,48.89
2014-08-01,49.42,49.31,50.84,49.03
2014-08-04,49.58,49.74,50.13,48.95
2014-08-05,50.55,49.94,50.92,49.02
2014-08-06,49.51,50.74,51.16,49.37
2014-08-07,49.98,49.76,50.56,49.64
2014-08-08,48.37,49.66,49.66,48.15
2014-08-11,48.13,49.13,49.13,47.7
2014-08-12,48.76,48.5,49.21,47.99
2014-08-13,48.12,49.02,49.02,47.57
2014-08-14,48.71,48.05,49.11,47.26
2014-08-18,49.17,48.59,49.36,48.38
2014-08-19,48.96,49.45,49.85,48.8
2014-08-20,49.08,49.0,49.64,48.73
2014-08-21,48.29,48.64,48.76,48.01
2014-08-22,48.38,48.41,48.77,48.1
2014-08-25,46.06,48.41,48.61,45.85
2014-08-26,47.24,45.92,47.5,45.92
2014-08-27,47.05,47.69,47.88,46.75
2014-08-28,46.21,47.06,47.41,46.12
2014-09-01,47.14,46.36,47.38,46.07
2014-09-02,46.72,47.15,47.41,46.59
2014-09-03,47.31,46.86,47.78,46.86
2014-09-04,45.83,47.28,47.55,45.44
2014-09-05,46.16,45.85,46.41,45.56
2014-09-08,46.52,46.34,46.78,45.98
2014-09-09,46.66,46.25,46.86,45.94
2014-09-10,46.82,46.43,47.11,46.22
2014-09-11,46.59,46.94,47.22,46.39
2014-09-12,46.53,46.61,46.97,46.3
2014-09-15,45.67,46.25,46.34,45.48
2014-09-16,44.1,45.75,45.8,43.8
2014-09-17,44.88,44.48,45.11,43.71
2014-09-18,45.6,44.8,45.87,44.67
2014-09-19,45.93,45.89,46.12,45.5
2014-09-22,45.08,45.8,45.8,44.9
2014-09-23,43.74,45.17,45.17,43.64
2014-09-24,42.59,43.82,43.82,42.34
2014-09-25,41.39,42.75,42.96,40.59
2014-09-26,42.67,41.39,42.94,41.26
2014-09-29,41.98,42.74,43.19,41.85
2014-09-30,41.33,42.2,42.54,41.1
2014-10-01,40.38,41.12,41.3,40.1
2014-10-07,39.68,40.31,40.76,39.44
2014-10-08,41.08,39.59,41.19,39.19
2014-10-09,42.02,41.39,42.17,41.17
2014-10-10,40.33,41.61,41.61,40.19
2014-10-13,41.2,40.13,41.35,39.69
2014-10-14,41.05,41.39,41.57,39.73
2014-10-16,39.58,41.48,42.11,39.33
2014-10-17,40.29,39.87,40.83,39.28
2014-10-20,40.51,40.94,41.12,40.22
2014-10-21,41.02,40.76,41.56,40.71
2014-10-22,41.13,41.39,41.63,40.9
2014-10-23,41.3,41.57,41.57,41.22
2014-10-27,40.66,41.4,41.53,40.54
2014-10-28,40.58,40.57,40.81,40.23
2014-10-29,42.45,40.83,42.54,40.83
2014-10-30,42.69,42.56,42.92,42.17
2014-10-31,44.04,42.83,44.34,42.74
2014-11-03,44.02,44.27,44.57,43.74
2014-11-05,43.01,44.09,44.25,42.88
2014-11-07,42.49,43.03,43.77,42.39
2014-11-10,42.39,42.57,42.86,41.6
2014-11-11,43.17,42.56,43.33,42.4
2014-11-12,42.14,43.19,43.46,41.98
2014-11-13,42.32,42.11,42.74,41.62
2014-11-14,43.11,42.06,43.42,42.06
2014-11-17,43.16,42.93,43.46,42.79
2014-11-18,43.77,43.17,44.0,42.95
2014-11-19,42.43,43.82,44.32,42.29
2014-11-20,42.01,42.56,42.56,41.58
2014-11-21,41.64,42.11,42.51,41.44
2014-11-24,42.89,42.32,43.18,42.32
2014-11-25,41.79,42.74,42.79,41.27
2014-11-26,41.91,41.79,42.2,41.47
2014-11-27,41.44,42.02,42.11,41.35
2014-11-28,42.59,41.54,42.76,41.53
2014-12-01,41.54,42.65,42.74,41.39
2014-12-02,41.83,41.4,42.09,41.4
2014-12-03,41.73,42.02,42.25,41.52
2014-12-04,41.6,41.57,42.03,41.13
2014-12-05,41.47,41.59,42.16,41.31
2014-12-08,40.64,41.62,41.91,40.54
2014-12-09,39.24,40.64,40.66,39.14
2014-12-10,38.9,38.97,39.85,38.56
2014-12-11,37.8,38.97,39.12,37.62
2014-12-12,36.3,37.8,38.02,36.06
2014-12-15,36.06,36.0,36.75,35.66
2014-12-16,35.04,35.7,36.24,34.83
2014-12-17,35.41,35.37,36.42,34.92
2014-12-18,36.16,36.07,36.53,35.95
2014-12-19,36.46,36.55,36.97,36.27
2014-12-22,36.34,36.54,36.84,35.93
2014-12-23,35.56,36.4,36.57,35.33
2014-12-24,35.58,35.28,35.97,35.2
2014-12-26,35.83,35.69,35.95,35.13
2014-12-29,36.38,35.86,36.93,35.86
2014-12-30,35.68,36.39,36.54,35.59
2014-12-31,35.94,35.75,36.15,35.61
2015-01-01,36.4,35.64,36.54,35.64
2015-01-02,36.97,36.54,37.17,36.54
2015-01-05,37.49,37.03,37.9,37.03
2015-01-06,35.66,37.42,37.42,35.5
2015-01-07,35.06,35.8,35.88,34.52
2015-01-08,35.52,35.54,35.72,35.17
2015-01-09,35.95,36.18,36.44,35.61
2015-01-12,35.73,36.01,36.01,35.39
2015-01-13,35.24,35.73,35.87,35.15
2015-01-14,33.9,35.2,35.21,33.76
2015-01-15,34.61,34.2,34.96,33.53
2015-01-16,34.46,34.38,34.65,33.93
2015-01-19,34.63,34.56,34.83,34.26
2015-01-20,36.18,34.8,36.31,34.74
2015-01-21,35.72,36.45,36.56,35.41
2015-01-22,36.26,35.82,36.36,35.62
2015-01-23,36.23,36.73,37.02,35.95
2015-01-27,35.82,36.34,36.36,35.6
2015-01-28,35.18,35.73,35.82,35.0
2015-01-29,35.06,35.28,35.28,34.53
2015-01-30,35.14,35.28,35.55,34.82
2015-02-02,34.55,35.19,35.53,34.42
2015-02-03,34.28,34.69,34.86,34.08
2015-02-04,34.98,34.52,35.39,34.43
2015-02-05,34.15,35.19,35.33,33.97
2015-02-06,33.23,34.11,34.29,33.08
2015-02-09,31.31,32.22,32.52,31.18
2015-02-10,32.18,31.2,32.4,31.06
2015-02-11,32.85,32.35,33.18,31.77
2015-02-12,32.85,32.94,33.06,32.06
2015-02-13,32.99,32.95,33.46,32.87
2015-02-16,33.29,33.28,33.68,33.16
2015-02-18,33.04,33.39,33.48,32.81
2015-02-19,33.8,33.28,34.2,33.07
2015-02-20,33.72,33.93,34.34,33.57
2015-02-23,33.03,33.88,34.02,32.86
2015-02-24,32.34,33.08,33.29,32.18
2015-02-25,31.6,32.53,32.83,31.5
2015-02-26,31.09,31.68,31.94,31.04
2015-02-27,31.59,31.32,31.91,31.15
2015-02-28,32.0,31.95,32.76,31.22
2015-03-02,31.75,32.27,32.33,31.41
2015-03-03,31.81,31.81,32.22,31.47
2015-03-04,31.3,32.04,32.13,31.14
2015-03-05,30.9,31.32,31.45,30.7
2015-03-09,30.27,30.79,30.88,30.15
2015-03-10,29.89,30.43,30.52,29.76
2015-03-11,29.32,30.01,30.18,29.22
2015-03-12,30.0,29.55,30.27,29.49
2015-03-13,29.39,30.16,30.25,29.25
2015-03-16,29.35,29.61,29.61,29.11
2015-03-17,29.91,29.52,30.28,29.47
2015-03-18,29.86,30.06,30.16,29.7
2015-03-19,30.27,30.07,31.02,30.06
2015-03-20,29.6,30.29,30.73,29.45
2015-03-23,29.79,29.7,30.14,29.57
2015-03-24,29.44,29.7,30.05,29.25
2015-03-25,29.06,29.58,29.66,28.98
2015-03-26,28.41,29.03,29.23,28.3
2015-03-27,28.35,28.49,28.74,28.01
2015-03-30,29.01,28.62,29.24,28.37
2015-03-31,28.51,29.4,29.4,28.39
2015-04-01,29.16,28.48,29.26,28.45
2015-04-06,28.62,29.17,29.3,28.53
2015-04-07,30.02,28.77,30.15,28.54
2015-04-08,30.26,30.15,30.5,29.59
2015-04-09,31.07,30.35,31.18,30.34
2015-04-10,30.85,31.14,31.41,30.72
2015-04-13,31.01,30.98,31.33,30.72
2015-04-15,30.39,31.05,31.05,30.24
2015-04-16,30.35,30.51,30.87,30.07
2015-04-17,31.12,30.32,31.68,30.24
2015-04-20,30.99,31.41,31.87,30.53
2015-04-21,31.32,31.14,31.66,30.92
2015-04-22,31.6,31.58,31.9,30.74
2015-04-23,33.18,31.9,33.29,31.9
2015-04-24,33.31,33.42,33.63,32.63
2015-04-27,33.11,33.27,33.51,32.56
2015-04-28,33.42,33.21,33.63,32.94
2015-04-29,33.23,33.48,34.06,33.09
2015-04-30,32.44,33.21,33.21,32.32
2015-05-04,32.51,32.67,33.01,32.18
2015-05-05,34.12,32.76,34.2,32.67
2015-05-06,33.05,34.2,34.57,32.9
2015-05-07,33.03,33.03,33.3,32.45
2015-05-08,32.95,33.22,33.71,32.79
2015-05-11,33.91,33.48,34.3,33.34
2015-05-12,31.78,33.84,33.84,31.71
2015-05-13,32.36,31.96,32.51,31.68
2015-05-14,32.9,32.38,33.0,32.16
2015-05-15,32.71,32.17,32.83,32.0
2015-05-18,32.76,32.85,33.01,32.52
2015-05-19,33.13,32.76,33.28,32.58
2015-05-20,32.52,33.1,33.13,32.01
2015-05-21,30.86,31.5,31.59,30.71
2015-05-22,30.74,30.78,31.29,30.67
2015-05-25,29.94,30.59,30.59,29.83
2015-05-26,29.95,30.08,30.26,29.64
2015-05-27,29.54,29.97,30.06,29.47
2015-05-28,29.21,29.76,29.79,29.01
2015-05-29,29.56,29.25,29.87,29.25
2015-06-01,29.62,29.61,29.97,29.48
2015-06-02,28.94,29.7,29.77,28.84
2015-06-03,28.47,29.07,29.12,28.28
2015-06-04,27.74,28.54,28.71,27.42
2015-06-05,27.99,27.79,28.52,27.22
2015-06-08,27.25,28.12,28.34,27.14
2015-06-09,27.42,26.7,27.66,26.39
2015-06-10,27.53,27.41,27.7,27.16
2015-06-11,26.89,27.53,27.58,26.75
2015-06-12,26.79,26.73,27.08,26.49
2015-06-15,26.73,26.82,27.25,26.64
2015-06-16,26.5,26.72,26.79,26.2
2015-06-17,27.46,27.37,28.0,26.86
2015-06-18,27.32,27.45,27.6,27.06
2015-06-19,27.43,27.35,27.88,27.35
2015-06-22,27.93,27.81,28.15,27.65
2015-06-23,28.21,27.99,28.49,27.97
2015-06-24,27.37,28.25,28.31,27.21
2015-06-25,27.24,27.36,27.43,27.13
2015-06-26,26.82,27.17,27.27,26.73
2015-06-29,26.61,26.55,26.76,25.88
2015-06-30,27.42,26.73,27.59,26.57
2015-07-01,27.59,27.49,27.77,27.3
2015-07-02,27.39,27.63,27.92,27.31
2015-07-03,27.08,27.72,27.72,26.97
2015-07-06,26.88,26.54,26.96,26.3
2015-07-07,26.77,27.06,27.29,26.64
2015-07-08,25.5,26.44,26.46,25.38
2015-07-09,25.25,25.66,25.85,25.16
2015-07-10,25.28,25.38,25.61,25.11
2015-07-13,25.6,25.37,25.7,25.12
2015-07-14,25.35,25.65,25.82,25.29
2015-07-15,25.26,25.47,25.64,25.14
2015-07-16,25.33,25.65,25.8,25.25
2015-07-17,25.58,25.38,25.78,25.22
2015-07-20,25.56,25.73,25.89,25.48
2015-07-21,24.72,25.59,25.6,24.66
2015-07-22,25.23,24.48,25.29,24.16
2015-07-23,24.32,24.66,24.7,24.28
2015-07-24,23.86,24.56,24.56,23.76
2015-07-27,22.62,23.85,23.85,22.56
2015-07-28,22.44,22.61,22.71,22.2
2015-07-29,22.56,22.67,22.92,22.45
2015-07-30,22.35,22.71,22.75,22.29
2015-07-31,22.25,22.45,22.74,22.07
2015-08-03,22.32,22.25,22.56,22.09
2015-08-04,23.07,22.41,23.38,22.15
2015-08-05,23.6,23.4,24.13,23.31
2015-08-06,23.51,23.6,23.89,23.08
2015-08-07,23.58,23.49,23.82,23.41
2015-08-10,23.5,23.67,23.83,23.4
2015-08-11,22.22,23.4,23.4,22.14
2015-08-12,22.42,22.86,23.21,22.16
2015-08-13,21.02,22.72,22.86,20.9
2015-08-14,21.34,21.11,21.52,20.63
2015-08-17,22.19,21.43,22.32,21.09
2015-08-18,22.65,22.31,22.89,22.21
2015-08-19,22.49,22.59,22.77,22.2
2015-08-20,21.75,22.32,22.38,21.66
2015-08-21,21.35,21.42,21.44,20.84
2015-08-24,18.55,20.7,20.78,18.24
2015-08-25,19.27,18.72,19.62,18.03
2015-08-26,19.39,19.26,19.76,18.81
2015-08-27,20.32,19.71,20.63,19.37
2015-08-28,20.56,20.83,21.11,20.11
2015-08-31,20.25,20.4,20.58,20.14
2015-09-01,19.46,19.89,20.35,19.21
2015-09-02,19.77,19.62,20.33,18.95
2015-09-03,20.67,20.07,20.94,19.94
2015-09-04,19.7,20.53,20.58,19.53
2015-09-07,19.43,19.88,20.15,19.36
2015-09-08,20.59,19.55,20.97,19.55
2015-09-09,21.53,21.26,21.73,20.91
2015-09-10,21.62,21.33,21.87,20.85
2015-09-11,20.97,21.87,21.94,20.79
2015-09-14,21.71,21.12,21.86,21.06
2015-09-15,20.61,21.95,21.95,20.54
2015-09-16,20.72,20.83,20.99,20.45
2015-09-18,20.57,20.97,21.17,20.52
2015-09-21,20.41,20.43,20.62,20.09
2015-09-22,19.8,20.61,20.65,19.73
2015-09-23,19.9,19.44,20.15,19.26
2015-09-24,19.38,19.8,19.87,19.33
2015-09-28,18.85,19.55,19.66,18.78
2015-09-29,18.12,18.45,18.56,18.0
2015-09-30,19.07,18.58,19.21,18.54
2015-10-01,19.09,19.43,19.43,18.93
2015-10-05,20.2,19.35,20.28,19.29
2015-10-06,20.44,20.49,20.59,20.08
2015-10-07,21.31,20.38,21.4,20.12
2015-10-08,21.64,21.42,21.81,21.26
2015-10-09,22.56,21.87,22.61,21.78
2015-10-12,22.6,22.92,23.57,22.5
2015-10-13,22.07,22.38,22.38,21.92
2015-10-14,22.32,21.98,22.76,21.98
2015-10-15,22.97,22.49,23.14,22.33
2015-10-16,22.74,22.95,23.13,22.36
2015-10-19,22.33,22.77,22.94,22.24
2015-10-20,21.67,22.29,22.42,21.6
2015-10-21,22.03,21.69,22.2,21.44
2015-10-23,22.14,22.23,22.64,21.98
2015-10-26,22.45,22.23,22.63,22.17
2015-10-27,22.13,22.45,22.54,21.98
2015-10-28,22.25,22.09,22.36,22.0
2015-10-29,22.26,22.27,22.59,22.02
2015-10-30,22.2,22.32,22.92,22.08
2015-11-02,21.48,22.24,22.24,21.26
2015-11-03,21.24,21.69,21.86,21.16
2015-11-04,21.22,21.51,21.59,21.07
2015-11-05,20.3,21.24,21.24,20.21
2015-11-06,19.81,19.68,19.94,19.37
2015-11-09,19.99,19.35,20.18,19.17
2015-11-10,19.61,19.97,20.0,19.53
2015-11-11,19.87,19.8,19.96,19.8
2015-11-13,19.99,19.7,20.12,19.51
2015-11-16,20.68,20.0,20.75,19.82
2015-11-17,21.1,20.88,21.22,20.79
2015-11-18,20.32,21.1,21.13,20.26
2015-11-19,20.6,20.52,20.67,20.32
2015-11-20,20.67,20.63,20.91,20.52
2015-11-23,20.19,20.74,20.78,20.08
2015-11-24,20.19,20.06,20.37,20.0
2015-11-26,20.51,20.21,20.68,20.18
2015-11-27,20.81,20.61,21.15,20.52
2015-11-30,20.7,20.86,21.08,20.6
2015-12-01,21.39,20.74,21.48,20.73
2015-12-02,21.91,21.53,22.11,21.43
2015-12-03,21.61,21.77,21.92,21.33
2015-12-04,21.62,21.42,21.96,21.35
2015-12-07,21.92,21.96,22.25,21.82
2015-12-08,21.12,21.86,21.88,21.04
2015-12-09,20.41,21.06,21.23,20.25
2015-12-10,20.96,20.31,21.1,20.31
2015-12-11,21.68,21.2,21.95,21.2
2015-12-14,22.05,21.55,22.38,21.48
2015-12-15,21.98,22.23,22.28,21.71
2015-12-16,22.04,22.22,22.37,21.81
2015-12-17,23.09,22.16,23.18,22.16
2015-12-18,22.98,23.14,23.21,22.86
2015-12-21,23.27,22.96,23.53,22.92
2015-12-22,23.15,23.27,23.54,23.08
2015-12-23,23.73,23.58,23.96,23.58
2015-12-24,23.71,23.85,23.96,23.47
2015-12-28,22.86,23.71,23.76,22.77
2015-12-29,22.96,23.13,23.13,22.81
2015-12-30,23.23,23.13,23.55,22.99
2015-12-31,23.36,23.4,23.45,23.13
2016-01-01,23.15,23.49,23.49,22.86
2016-01-04,23.13,23.08,23.68,22.82
2016-01-05,24.67,23.17,24.85,23.17
2016-01-06,24.16,24.64,24.7,23.95
2016-01-07,22.51,23.75,23.75,22.34
2016-01-08,22.83,22.67,23.06,22.42
2016-01-11,22.68,22.32,22.81,22.01
2016-01-12,22.17,22.82,22.97,21.92
2016-01-13,22.23,22.33,22.65,21.34
2016-01-14,21.48,21.2,21.82,20.85
2016-01-15,20.69,21.71,21.87,20.55
2016-01-18,21.26,20.7,21.96,20.27
2016-01-19,21.41,21.33,21.71,20.81
2016-01-20,20.85,21.14,21.14,20.4
2016-01-21,21.11,21.03,21.53,20.82
2016-01-22,22.24,21.42,22.5,21.4
2016-01-25,22.84,22.41,23.03,22.41
2016-01-27,23.18,23.01,23.39,22.84
2016-01-28,22.89,23.11,23.26,22.73
2016-01-29,22.5,22.81,23.26,22.28
2016-02-01,22.44,22.59,22.93,22.19
2016-02-02,20.83,22.52,22.54,20.7
2016-02-03,20.16,20.51,21.04,19.93
2016-02-04,20.35,20.22,20.56,19.72
2016-02-05,21.06,19.35,21.52,19.35
2016-02-08,21.1,21.33,21.94,20.95
2016-02-09,21.2,20.81,21.35,20.7
2016-02-10,21.21,21.06,21.37,20.46
2016-02-11,20.25,21.2,21.24,19.91
2016-02-12,19.6,20.39,20.5,19.01
2016-02-15,22.16,19.8,22.29,19.8
2016-02-16,22.03,22.41,22.63,21.87
2016-02-17,22.62,22.11,22.73,21.43
2016-02-18,22.54,22.88,23.08,21.89
2016-02-19,22.79,22.41,22.9,22.22
2016-02-22,22.97,22.9,23.16,22.65
2016-02-23,22.81,23.03,23.51,22.68
2016-02-24,22.3,22.57,22.83,22.2
2016-02-25,22.32,22.3,22.49,22.01
2016-02-26,22.35,22.51,22.68,21.9
2016-02-29,22.42,22.22,23.71,22.07
2016-03-01,23.12,22.5,23.22,22.2
2016-03-02,24.04,23.42,24.23,23.4
2016-03-03,25.76,24.45,25.89,24.45
2016-03-04,25.95,26.01,26.2,25.62
2016-03-08,26.26,25.98,26.68,25.77
2016-03-09,26.59,25.63,26.71,25.31
2016-03-10,26.65,26.65,27.1,26.4
2016-03-11,26.5,26.64,26.82,26.11
2016-03-14,26.66,26.73,27.03,26.56
2016-03-15,26.98,26.64,27.12,26.47
2016-03-16,26.92,26.98,27.24,26.47
2016-03-17,26.62,27.36,27.5,26.55
2016-03-18,27.18,26.9,27.24,26.74
2016-03-21,27.26,27.31,27.51,27.07
2016-03-22,27.85,27.4,28.04,27.1
2016-03-23,28.49,28.02,28.55,27.96
2016-03-28,27.0,28.55,28.61,26.79
2016-03-29,27.35,27.0,27.68,27.0
2016-03-30,29.19,27.81,29.32,27.48
2016-03-31,28.75,29.25,29.3,28.31
2016-04-01,28.59,28.62,28.79,28.16
2016-04-04,28.81,28.36,29.06,28.36
2016-04-05,28.09,28.61,28.73,27.75
2016-04-06,29.56,28.26,29.87,28.23
2016-04-07,29.15,29.7,29.94,28.99
2016-04-08,29.0,29.07,29.21,28.69
2016-04-11,29.8,28.98,29.97,28.78
2016-04-12,29.17,28.98,29.76,28.64
2016-04-13,29.93,29.39,30.24,29.35
2016-04-18,30.15,29.8,30.29,29.49
2016-04-20,32.11,30.33,32.28,30.33
2016-04-21,31.89,32.22,32.77,31.72
2016-04-22,31.84,32.28,32.71,31.74
2016-04-25,31.28,31.83,31.83,31.01
2016-04-26,32.25,31.23,32.44,31.23
2016-04-27,32.09,32.22,32.6,31.83
2016-04-28,31.29,32.19,32.55,31.14
2016-04-29,31.55,31.27,31.83,30.81
2016-05-02,31.21,31.5,31.57,30.99
2016-05-03,31.36,31.32,31.99,31.19
2016-05-04,29.6,31.29,31.29,29.48
2016-05-05,29.88,29.53,30.11,29.17
2016-05-06,29.65,29.75,29.83,29.26
2016-05-09,29.61,29.78,30.14,29.48
2016-05-10,29.51,29.79,30.33,29.3
2016-05-11,29.61,28.88,29.89,28.8
2016-05-12,29.77,29.7,29.88,29.44
2016-05-13,29.07,29.43,29.62,28.92
2016-05-16,29.37,29.0,29.45,28.78
2016-05-17,29.42,29.52,29.81,29.23
2016-05-18,29.6,29.38,29.7,29.1
2016-05-19,29.35,29.51,30.35,29.2
2016-05-20,29.06,29.42,29.45,28.91
2016-05-23,28.22,29.16,29.3,28.13
2016-05-24,28.58,28.22,28.66,28.0
2016-05-25,29.19,28.8,29.35,28.62
2016-05-26,29.25,28.99,29.63,28.84
2016-05-27,29.61,29.3,29.81,29.23
2016-05-30,29.08,29.79,30.09,29.01
2016-05-31,30.1,29.22,30.37,28.84
2016-06-01,29.89,30.19,30.54,29.69
2016-06-02,30.65,29.88,30.78,29.79
2016-06-03,30.47,30.8,31.34,30.29
2016-06-06,30.39,30.24,30.65,29.9
2016-06-07,30.85,30.4,31.02,30.33
2016-06-08,30.73,30.8,31.15,30.45
2016-06-09,30.78,30.78,31.17,30.63
2016-06-10,30.14,30.78,31.0,30.05
2016-06-13,29.14,29.65,29.7,28.95
2016-06-14,29.25,29.31,29.49,28.92
2016-06-15,29.69,29.33,29.8,29.15
2016-06-16,29.7,29.69,30.0,29.18
2016-06-17,29.29,29.89,29.96,29.17
2016-06-20,30.25,29.16,30.32,29.04
2016-06-21,30.04,30.28,30.39,29.95
2016-06-22,29.88,30.04,30.04,29.45
2016-06-23,30.03,29.91,30.22,29.48
2016-06-24,28.12,27.71,28.47,26.76
2016-06-27,27.93,28.0,28.13,27.69
2016-06-28,28.03,28.02,28.27,27.66
2016-06-29,28.21,28.09,28.52,28.09
2016-06-30,28.97,28.37,29.21,28.37
2016-07-01,29.46,29.25,29.75,29.25
2016-07-04,29.8,29.7,30.03,29.61
2016-07-05,30.07,29.92,30.34,29.7
2016-07-07,28.58,30.1,30.35,28.48
2016-07-08,28.67,28.39,28.76,28.08
2016-07-11,29.45,29.07,29.65,28.78
2016-07-12,30.81,29.7,30.96,29.6
2016-07-13,32.19,30.98,32.29,30.96
2016-07-14,32.32,32.13,32.52,31.8
2016-07-15,33.55,32.31,33.71,32.1
2016-07-18,32.9,33.66,34.13,32.7
2016-07-19,33.32,32.96,33.43,32.6
2016-07-20,33.16,33.35,33.52,33.0
2016-07-21,32.6,33.3,33.3,32.47
2016-07-22,32.87,32.51,33.18,32.08
2016-07-25,32.74,32.91,33.11,32.6
2016-07-26,33.08,32.76,33.72,32.7
2016-07-27,32.66,33.3,33.32,31.89
2016-07-28,31.52,32.29,32.36,31.39
2016-07-29,31.92,31.59,32.29,31.59
2016-08-01,32.79,32.31,32.97,31.86
2016-08-02,32.57,32.94,33.3,32.4
2016-08-03,32.18,32.85,32.97,31.95
2016-08-04,33.66,32.59,33.79,32.15
2016-08-05,34.28,34.05,34.44,33.92
2016-08-08,34.16,34.29,34.59,33.86
2016-08-09,33.79,34.11,34.42,33.66
2016-08-10,33.31,33.95,34.13,33.14
2016-08-11,33.16,33.23,33.61,32.56
2016-08-12,33.73,33.15,34.02,33.15
2016-08-16,34.12,33.59,34.28,33.59
2016-08-17,35.22,34.24,35.29,34.13
2016-08-18,34.84,35.28,35.46,34.69
2016-08-19,35.3,35.01,35.51,34.52
2016-08-22,34.87,35.28,35.28,34.62
2016-08-23,34.69,34.84,35.2,34.03
2016-08-24,34.21,34.56,34.84,34.11
2016-08-25,33.51,34.29,34.42,33.37
2016-08-26,33.28,33.53,33.82,33.09
2016-08-29,33.57,33.3,33.78,33.08
2016-08-30,34.0,33.75,34.15,33.75
2016-08-31,33.34,33.99,34.3,33.21
2016-09-01,33.64,33.37,33.95,33.26
2016-09-02,33.63,33.76,33.8,33.35
2016-09-06,34.72,33.66,34.8,33.66
2016-09-07,35.09,34.83,35.45,34.78
2016-09-08,36.26,35.14,36.76,35.14
2016-09-09,35.5,36.32,36.63,35.34
2016-09-12,33.62,34.65,34.82,33.48
2016-09-14,33.63,33.25,33.99,32.7
2016-09-15,33.02,33.75,33.75,32.77
2016-09-16,32.31,33.34,33.46,32.2
2016-09-19,32.54,32.35,32.73,31.98
2016-09-20,32.89,32.58,33.26,32.34
2016-09-21,33.23,32.89,33.47,32.87
2016-09-22,33.86,33.94,34.14,33.49
2016-09-23,33.47,33.86,34.03,33.38
2016-09-26,33.33,33.47,33.85,33.21
2016-09-27,33.1,33.48,33.7,32.98
2016-09-28,34.18,33.22,34.37,33.2
2016-09-29,33.1,34.36,34.52,32.8
2016-09-30,33.69,32.85,34.02,32.75
2016-10-03,34.45,33.84,34.6,33.75
2016-10-04,35.1,34.74,35.28,34.44
2016-10-05,35.13,35.55,35.68,34.92
2016-10-06,35.03,35.28,35.54,34.79
2016-10-07,36.57,35.24,36.68,35.1
2016-10-10,37.56,36.81,37.8,36.81
2016-10-13,37.24,37.41,37.78,36.8
2016-10-14,37.07,37.35,37.5,36.86
2016-10-17,36.96,36.99,37.39,36.72
2016-10-18,38.24,37.2,38.34,37.11
2016-10-19,38.29,38.43,38.47,37.93
2016-10-20,38.56,38.52,38.84,38.26
2016-10-21,38.45,38.52,38.59,37.96
2016-10-24,38.35,38.47,38.79,38.26
2016-10-25,37.39,36.99,37.71,36.82
2016-10-26,35.89,37.26,37.69,35.22
2016-10-27,35.73,34.29,35.91,34.29
2016-10-28,36.4,35.91,36.5,35.78
2016-10-30,36.41,36.75,36.75,36.18
2016-11-01,37.59,36.36,38.14,36.36
2016-11-02,37.22,36.58,37.44,36.58
2016-11-03,36.29,37.04,37.74,35.87
2016-11-04,36.27,36.2,36.66,35.84
2016-11-07,37.03,36.46,37.28,36.46
2016-11-08,36.77,37.21,37.34,36.45
2016-11-09,35.98,34.55,36.3,34.2
2016-11-10,39.31,36.57,39.5,36.57
2016-11-11,38.41,38.81,39.68,38.18
2016-11-15,35.41,36.9,37.53,35.23
2016-11-16,35.25,35.64,36.09,34.25
2016-11-17,35.36,35.37,35.84,34.84
2016-11-18,34.65,35.17,35.51,34.3
2016-11-21,33.44,34.65,35.03,32.94
2016-11-22,34.02,33.74,34.15,33.55
2016-11-23,35.31,34.29,35.46,34.24
2016-11-24,35.84,34.86,36.0,34.71
2016-11-25,36.69,35.99,37.14,35.82
2016-11-28,36.63,36.63,36.99,36.22
2016-11-29,36.81,37.29,37.56,36.7
2016-11-30,37.34,36.63,37.43,36.41
2016-12-01,36.87,37.57,37.67,36.72
2016-12-02,36.57,36.62,37.07,36.39
2016-12-05,37.21,36.69,37.34,36.45
2016-12-06,37.65,37.01,37.85,36.99
2016-12-07,37.12,37.8,37.89,36.87
2016-12-08,38.83,37.44,38.96,37.44
2016-12-09,38.72,39.0,39.18,38.56
2016-12-12,38.16,38.69,38.73,38.04
2016-12-13,37.85,38.33,38.65,37.57
2016-12-14,37.57,37.83,38.33,37.48
2016-12-15,37.72,37.59,38.46,37.17
2016-12-16,37.26,37.98,38.07,37.15
2016-12-19,36.99,37.23,37.44,36.9
2016-12-20,36.35,36.99,37.26,36.13
2016-12-21,36.44,36.45,36.74,36.15
2016-12-22,35.31,36.4,36.55,35.14
2016-12-23,35.16,35.32,35.6,34.83
2016-12-26,34.24,35.03,35.07,34.09
2016-12-27,35.34,34.29,35.52,33.97
2016-12-28,34.94,35.52,35.52,34.8
2016-12-29,35.32,35.01,35.44,34.87
2016-12-30,35.19,35.45,35.58,34.92
2017-01-02,36.53,35.11,36.67,35.0
2017-01-03,36.28,36.69,36.81,36.09
2017-01-04,36.45,36.44,36.79,36.15
2017-01-05,37.72,36.72,38.02,36.67
2017-01-06,37.77,37.75,38.25,37.43
2017-01-09,37.98,38.08,38.15,37.74
2017-01-10,38.78,38.05,38.83,38.05
2017-01-11,40.32,39.14,40.58,38.88
2017-01-12,40.29,40.49,40.62,39.86
2017-01-13,40.17,40.4,40.56,39.73
2017-01-16,41.25,40.12,41.35,39.91
2017-01-17,40.87,41.23,41.35,40.6
2017-01-18,42.08,40.94,42.25,40.9
2017-01-19,42.03,42.2,42.2,41.62
2017-01-20,40.91,41.84,42.11,40.75
2017-01-23,41.54,40.67,41.73,40.65
2017-01-24,41.78,41.62,41.98,41.29
2017-01-25,42.2,42.14,42.87,41.97
2017-01-27,42.23,42.29,42.6,41.71
2017-01-30,41.57,42.11,42.11,41.44
2017-01-31,41.61,41.54,42.41,41.42
2017-02-01,42.6,41.62,42.73,41.16
2017-02-02,42.88,42.57,43.27,41.98
2017-02-03,42.47,43.01,43.24,42.12
2017-02-06,42.53,42.74,43.15,42.23
2017-02-07,42.59,42.74,43.15,42.3
2017-02-08,42.36,43.81,43.82,42.12
2017-02-09,41.39,42.29,42.6,41.11
2017-02-10,42.09,42.02,42.4,41.47
2017-02-13,42.52,42.35,42.92,42.31
2017-02-14,42.5,42.5,42.71,41.98
2017-02-15,41.4,42.38,42.7,41.18
2017-02-16,42.28,41.84,42.43,41.01
2017-02-17,42.11,42.3,42.73,42.0
2017-02-20,43.8,42.2,43.95,41.85
2017-02-21,44.15,43.87,44.62,43.76
2017-02-22,43.49,44.12,44.18,43.25
2017-02-23,43.65,43.64,43.82,43.06
2017-02-27,43.27,43.55,43.91,43.15
2017-02-28,43.43,43.28,43.69,43.27
2017-03-01,45.02,43.49,45.22,43.49
2017-03-02,44.55,45.11,45.48,44.29
2017-03-03,44.54,44.45,44.8,44.09
2017-03-06,44.36,44.63,45.02,44.14
2017-03-07,43.37,44.41,44.53,43.28
2017-03-08,42.56,43.64,43.76,42.34
2017-03-09,42.25,42.38,42.74,42.11
2017-03-10,42.1,42.25,42.68,41.62
2017-03-14,42.54,43.01,43.1,42.32
2017-03-15,43.06,42.34,43.15,42.34
2017-03-16,44.92,43.37,45.08,43.35
2017-03-17,45.18,45.19,45.75,44.81
2017-03-20,44.7,45.17,45.26,44.22
2017-03-21,44.69,44.7,45.11,44.33
2017-03-22,43.98,44.18,44.38,43.88
2017-03-23,44.58,43.91,44.67,43.91
2017-03-24,44.38,44.54,44.96,44.21
2017-03-27,42.98,44.32,44.36,42.79
2017-03-28,43.19,43.05,43.4,42.96
2017-03-29,43.5,43.28,43.59,43.22
2017-03-30,43.03,43.55,43.77,42.83
2017-03-31,43.43,43.19,43.7,43.11
2017-04-03,43.68,43.64,44.05,43.54
2017-04-05,44.4,43.73,44.81,43.73
2017-04-06,45.14,44.38,45.39,43.58
2017-04-07,44.36,45.21,45.52,44.18
2017-04-10,44.58,44.64,44.85,44.16
2017-04-11,43.94,44.62,44.62,43.78
2017-04-12,43.01,44.09,44.35,42.91
2017-04-13,41.75,42.74,42.92,41.63
2017-04-17,41.58,41.39,42.11,41.39
2017-04-18,40.52,41.84,42.68,40.32
2017-04-19,40.63,40.31,40.94,39.83
2017-04-20,40.85,40.94,40.94,40.37
2017-04-21,40.58,41.22,41.39,40.46
2017-04-24,40.58,40.58,40.9,40.26
2017-04-25,40.85,40.64,41.16,40.63
2017-04-26,40.88,41.04,41.66,40.63
2017-04-27,40.11,40.93,40.94,40.0
2017-04-28,40.39,40.17,41.25,40.14
2017-05-02,40.07,40.5,40.84,39.91
2017-05-03,39.65,40.22,40.49,39.38
2017-05-04,39.83,40.22,40.24,39.29
2017-05-05,38.97,39.82,39.82,38.54
2017-05-08,38.88,39.06,39.25,38.56
2017-05-09,39.01,38.92,39.59,38.9
2017-05-10,39.41,39.14,39.48,39.0
2017-05-11,39.63,39.68,40.08,39.52
2017-05-12,39.3,39.86,39.92,38.98
2017-05-15,41.01,39.23,41.16,39.23
2017-05-16,41.12,41.84,41.9,41.04
2017-05-17,44.4,42.29,44.85,41.93
2017-05-18,43.81,43.91,44.69,43.62
2017-05-19,44.04,43.93,44.61,43.3
2017-05-22,43.79,44.22,44.68,43.61
2017-05-23,44.13,43.94,44.67,42.98
2017-05-24,43.46,44.27,44.57,43.3
2017-05-25,43.67,43.5,43.82,42.93
2017-05-26,46.06,43.89,46.33,43.69
2017-05-29,45.7,46.03,46.83,45.59
2017-05-30,45.96,45.67,46.19,45.4
2017-05-31,45.44,45.96,46.33,45.22
2017-06-01,44.81,45.55,45.71,44.5
2017-06-02,44.24,45.17,45.26,43.92
2017-06-05,44.2,44.3,44.99,43.87
2017-06-06,44.09,44.32,44.67,43.99
2017-06-07,44.19,44.22,44.45,43.88
2017-06-08,44.9,45.26,45.98,44.77
2017-06-09,45.56,44.85,45.66,44.65
2017-06-12,45.66,45.67,46.25,45.49
2017-06-13,45.77,45.84,46.13,45.47
2017-06-14,45.25,45.71,45.86,45.12
2017-06-15,45.23,45.17,45.6,44.98
2017-06-16,45.18,45.44,45.68,45.12
2017-06-19,46.73,45.98,46.79,45.71
2017-06-20,46.99,47.15,47.24,46.88
2017-06-21,46.58,46.97,47.13,46.43
2017-06-22,46.3,46.84,46.97,46.08
2017-06-23,45.66,46.33,46.43,45.26
2017-06-27,45.93,45.71,46.21,45.31
2017-06-28,46.78,46.07,47.01,45.86
2017-06-29,48.12,47.09,48.23,47.09
2017-06-30,48.99,48.01,49.21,47.72
2017-07-03,49.44,48.96,49.71,48.77
2017-07-04,49.17,49.5,49.89,48.99
2017-07-05,49.47,49.12,49.71,49.04
2017-07-06,49.89,49.49,50.16,49.4
2017-07-07,49.84,49.68,49.94,49.56
2017-07-10,50.32,49.94,50.44,49.4
2017-07-11,50.13,50.33,50.57,49.97
2017-07-12,50.29,50.39,50.57,49.94
2017-07-13,50.66,50.84,50.92,50.4
2017-07-14,50.35,50.91,50.92,50.13
2017-07-17,50.29,50.48,50.66,50.16
2017-07-18,50.65,50.3,51.11,50.1
2017-07-19,51.38,50.7,51.47,50.66
2017-07-20,50.02,50.66,50.74,49.96
2017-07-21,49.73,50.03,50.18,48.94
2017-07-24,49.26,49.94,49.94,49.21
2017-07-25,49.77,49.44,49.88,49.39
2017-07-26,50.88,49.99,51.01,49.94
2017-07-27,50.48,50.96,51.17,50.3
2017-07-28,49.64,50.11,50.39,49.36
2017-07-31,51.07,49.67,51.38,49.67
2017-08-01,51.47,51.21,51.74,51.16
2017-08-02,51.11,51.73,51.74,50.84
2017-08-03,50.35,50.95,51.15,50.21
2017-08-04,51.79,50.39,52.15,50.31
2017-08-07,53.99,52.55,54.13,52.51
2017-08-08,55.41,54.98,56.24,54.49
2017-08-09,54.44,55.41,55.78,54.23
2017-08-10,54.4,54.2,55.29,53.81
2017-08-11,53.65,53.99,54.44,53.06
2017-08-14,55.91,54.8,56.09,54.59
2017-08-16,56.67,56.26,56.76,55.82
2017-08-17,56.32,56.85,57.23,56.17
2017-08-18,56.28,56.07,56.6,55.8
2017-08-21,55.97,56.7,57.46,55.81
2017-08-22,55.73,56.7,56.96,55.32
2017-08-23,57.0,56.02,57.14,55.45
2017-08-24,57.5,57.23,57.59,56.78
2017-08-28,57.3,57.51,57.81,56.89
2017-08-29,56.71,56.72,57.62,56.54
2017-08-30,57.47,56.81,57.71,56.81
2017-08-31,57.41,57.49,57.83,56.92
2017-09-01,58.48,57.68,58.65,57.55
2017-09-04,58.14,58.48,58.61,57.75
2017-09-05,58.59,58.22,58.91,58.16
2017-09-06,58.62,58.22,58.88,58.09
2017-09-07,58.9,59.02,59.08,58.53
2017-09-08,58.99,58.94,59.71,58.58
2017-09-11,59.51,59.03,59.62,58.77
2017-09-12,61.48,60.74,62.27,60.65
2017-09-13,61.17,61.28,61.51,60.83
2017-09-14,60.98,61.02,61.53,60.52
2017-09-15,61.13,60.57,61.32,60.45
2017-09-18,60.57,60.61,61.16,60.36
2017-09-19,60.88,60.29,61.33,60.29
2017-09-20,61.88,61.0,62.19,60.68
2017-09-21,61.81,62.52,62.68,61.33
2017-09-22,58.9,61.69,61.69,58.69
2017-09-25,57.61,58.9,58.9,56.06
2017-09-26,58.87,57.61,59.12,57.55
2017-09-27,58.34,59.37,59.48,57.91
2017-09-28,58.49,58.52,59.07,57.89
2017-09-29,58.59,58.58,59.08,58.39
2017-10-03,59.45,58.95,59.84,58.95
2017-10-04,59.28,59.14,59.62,58.87
2017-10-05,59.41,59.3,59.82,59.13
2017-10-06,62.22,59.83,62.44,59.76
2017-10-09,62.74,62.29,63.34,62.27
2017-10-10,62.15,62.96,63.34,61.65
2017-10-11,61.28,62.54,62.82,60.62
2017-10-12,62.17,61.64,62.33,61.31
2017-10-13,63.95,62.54,64.42,62.54
2017-10-16,64.38,64.08,64.74,64.06
2017-10-17,64.11,64.22,64.56,63.75
2017-10-18,63.83,64.25,64.6,63.63
2017-10-19,63.39,63.76,64.02,63.11
2017-10-23,64.01,63.73,64.21,63.35
2017-10-24,64.74,64.34,65.51,64.31
2017-10-25,64.53,64.79,65.36,63.91
2017-10-26,65.64,64.52,65.95,64.36
2017-10-27,65.35,65.7,66.09,65.08
2017-10-30,64.68,65.69,66.13,64.25
2017-10-31,63.32,65.24,65.68,62.72
2017-11-01,63.63,63.62,64.53,63.32
2017-11-02,63.53,63.86,63.86,62.81
2017-11-03,63.79,63.53,64.14,63.38
2017-11-06,63.78,63.58,64.43,62.96
2017-11-07,62.32,63.89,64.21,61.81
2017-11-08,62.25,62.52,63.04,61.64
2017-11-09,63.29,62.81,63.44,62.42
2017-11-10,63.12,63.24,63.68,62.56
2017-11-13,62.17,63.62,63.62,61.82
2017-11-14,61.66,62.09,62.54,61.32
2017-11-15,61.02,61.22,61.36,60.27
2017-11-16,61.79,61.3,62.08,60.89
2017-11-17,63.11,62.27,63.76,62.27
2017-11-20,63.05,62.97,63.6,62.14
2017-11-21,64.0,63.19,64.61,63.19
2017-11-22,64.04,64.34,64.51,63.59
2017-11-23,64.0,64.25,64.4,63.6
2017-11-24,63.69,63.98,64.14,63.34
2017-11-27,63.16,63.62,63.76,62.9
2017-11-28,63.37,63.17,64.06,62.79
2017-11-29,63.83,63.35,63.95,63.26
2017-11-30,62.56,63.58,63.62,62.22
2017-12-01,61.26,62.63,62.81,60.97
2017-12-04,61.89,61.46,62.28,61.28
2017-12-05,60.83,61.64,61.8,60.4
2017-12-06,60.12,60.1,60.29,59.45
2017-12-07,61.9,60.2,62.06,60.2
2017-12-08,62.71,62.08,64.16,61.66
2017-12-11,62.99,63.16,63.56,62.58
2017-12-12,62.02,63.07,63.73,61.8
2017-12-13,61.38,62.09,62.43,60.9
2017-12-14,61.72,61.55,62.0,60.39
2017-12-15,62.54,62.29,62.96,62.27
2017-12-18,63.41,62.36,64.3,60.74
2017-12-19,63.92,63.8,64.07,63.46
2017-12-20,63.22,64.61,64.61,62.33
2017-12-21,64.39,63.17,64.59,63.17
2017-12-22,63.95,64.56,64.56,63.64
2017-12-26,64.92,64.25,65.15,64.14
2017-12-27,64.95,65.15,65.58,64.57
2017-12-28,66.11,65.06,66.41,65.06
2017-12-29,65.91,66.23,66.98,65.69
2018-01-01,65.12,65.92,66.2,64.9
2018-01-02,65.61,65.09,65.76,64.39
2018-01-03,65.99,65.93,66.3,65.77
2018-01-04,68.46,66.19,68.75,65.87
2018-01-05,69.32,68.39,69.83,68.39
2018-01-08,69.2,69.75,70.19,68.85
2018-01-09,69.5,69.2,70.2,69.11
2018-01-10,69.46,69.47,69.74,68.63
2018-01-11,69.44,69.43,69.98,69.13
2018-01-12,69.39,69.4,69.87,68.39
2018-01-15,70.48,69.65,71.32,69.43
2018-01-16,68.96,70.37,70.46,68.46
2018-01-17,69.67,69.12,69.93,68.12
2018-01-18,67.66,69.92,70.17,67.19
2018-01-19,67.64,67.67,68.57,66.83
2018-01-22,67.68,67.79,68.05,67.3
2018-01-23,70.2,67.83,70.81,67.75
2018-01-24,68.7,70.19,70.28,67.93
2018-01-25,69.2,69.02,69.58,68.31
2018-01-29,70.44,69.29,71.14,69.29
2018-01-30,69.79,70.11,70.52,69.45
2018-01-31,70.5,73.25,74.72,70.2
2018-02-01,69.63,70.62,71.27,68.22
2018-02-02,66.97,69.0,69.25,66.6
2018-02-05,66.45,66.4,67.38,65.08
2018-02-06,66.5,63.91,67.92,63.44
2018-02-07,66.06,66.65,68.2,65.69
2018-02-08,67.14,66.09,67.69,65.4
2018-02-09,68.36,66.54,68.83,66.1
2018-02-12,71.25,71.8,71.8,69.78
2018-02-14,70.83,71.8,72.06,70.53
2018-02-15,69.98,71.18,71.84,69.61
2018-02-16,68.83,70.54,70.94,68.39
2018-02-19,64.83,69.08,69.2,63.9
2018-02-20,65.08,65.4,66.14,64.82
2018-02-21,64.06,65.54,65.54,63.3
2018-02-22,63.78,63.99,64.75,63.4
2018-02-23,67.78,64.01,68.44,64.0
2018-02-26,68.03,67.87,69.2,67.25
2018-02-27,67.19,68.3,68.67,67.01
2018-02-28,67.17,66.65,67.48,66.05
2018-03-01,67.53,67.1,68.48,67.07
2018-03-05,65.53,66.86,66.9,65.2
2018-03-06,66.05,66.3,67.35,65.72
2018-03-07,64.8,65.51,66.11,64.52
2018-03-08,63.52,65.45,66.04,63.24
2018-03-09,60.56,64.01,64.64,60.1
2018-03-12,62.27,61.5,62.6,60.66
2018-03-13,62.83,62.1,63.22,61.44
2018-03-14,62.05,62.48,63.03,61.84
2018-03-15,61.14,62.09,62.24,60.96
2018-03-16,60.05,61.2,61.4,59.45
2018-03-19,57.51,60.2,60.2,57.31
2018-03-20,59.33,57.25,60.12,56.85
2018-03-21,58.23,59.73,60.23,58.11
2018-03-22,58.05,58.29,58.75,57.23
2018-03-23,56.66,56.1,56.92,55.41
2018-03-26,58.24,56.73,58.87,56.13
2018-03-27,59.01,59.0,59.88,58.78
2018-03-28,57.09,58.06,58.38,56.55
2018-04-02,57.85,57.49,58.02,56.89
2018-04-03,57.95,57.5,58.55,56.9
2018-04-04,56.05,58.26,58.99,55.8
2018-04-05,58.1,57.23,58.3,56.95
2018-04-06,58.63,57.6,58.91,57.3
2018-04-09,58.66,58.88,59.5,58.4
2018-04-10,60.17,59.13,60.39,59.13
2018-04-11,60.77,60.9,61.0,60.05
2018-04-12,59.85,60.67,60.85,59.6
2018-04-13,59.53,59.9,60.48,59.2
2018-04-16,59.24,59.28,59.65,58.56
2018-04-17,59.59,59.45,60.46,59.26
2018-04-18,60.15,60.05,60.47,59.49
2018-04-19,62.05,60.97,62.39,60.6
2018-04-20,60.63,61.99,61.99,60.38
2018-04-23,60.57,60.8,61.04,60.05
2018-04-24,59.83,59.5,60.21,59.03
2018-04-25,58.62,59.66,59.83,58.5
2018-04-26,57.91,58.7,59.15,57.8
2018-04-27,58.97,58.09,59.43,58.09
2018-04-30,59.47,58.9,59.96,58.62
2018-05-02,57.51,59.67,59.67,57.34
2018-05-03,58.56,57.48,58.8,56.85
2018-05-04,58.13,58.6,58.95,57.98
2018-05-07,59.59,58.55,59.73,58.16
2018-05-08,59.62,59.8,60.38,59.05
2018-05-09,60.24,59.26,60.78,59.26
2018-05-10,59.38,60.38,60.7,59.12
2018-05-11,60.66,60.0,61.05,59.1
2018-05-14,61.01,60.66,61.44,60.21
2018-05-15,62.41,60.93,63.63,60.63
2018-05-16,62.2,62.7,63.25,61.72
2018-05-17,61.01,63.07,63.2,60.24
2018-05-18,59.15,61.11,61.68,59.02
2018-05-21,57.69,59.55,60.05,57.51
2018-05-22,57.72,57.75,58.34,57.01
2018-05-23,53.92,57.69,57.69,53.66
2018-05-24,54.84,54.3,55.38,53.7
2018-05-25,56.72,55.15,57.02,55.15
2018-05-28,57.56,57.29,57.92,56.52
2018-05-29,57.52,57.1,58.78,56.92
2018-05-30,57.81,56.93,58.15,56.77
2018-05-31,57.55,58.26,59.0,57.21
2018-06-01,56.03,57.09,57.92,55.66
2018-06-04,56.7,56.4,57.2,56.06
2018-06-05,57.2,56.52,57.4,56.1
2018-06-06,57.97,57.35,58.12,56.91
2018-06-07,60.13,58.14,60.48,58.14
2018-06-08,59.95,59.7,60.76,59.26
2018-06-11,58.88,59.95,60.54,58.62
2018-06-12,57.98,58.8,58.84,57.76
2018-06-13,56.75,57.98,58.4,56.62
2018-06-14,56.94,56.71,57.44,56.17
2018-06-15,56.59,57.4,57.48,56.2
2018-06-18,55.87,56.4,56.43,54.74
2018-06-19,55.48,55.8,56.55,55.0
2018-06-20,56.33,55.75,56.68,55.33
2018-06-21,55.82,56.9,56.9,55.62
2018-06-22,56.05,56.02,56.45,55.64
2018-06-25,55.85,56.0,56.46,55.6
2018-06-26,54.94,55.89,56.0,53.84
2018-06-27,54.33,55.0,55.28,53.92
2018-06-28,54.8,54.4,55.62,54.4
2018-06-29,56.78,55.2,56.98,55.17
2018-07-02,56.09,57.52,58.65,55.62
2018-07-03,56.65,56.1,57.23,55.4
2018-07-04,56.89,56.7,57.3,56.01
2018-07-05,55.35,56.5,56.5,55.17
2018-07-06,55.41,55.74,56.4,54.7
2018-07-09,55.69,56.42,56.58,55.57
2018-07-10,56.86,55.8,57.08,55.73
2018-07-11,55.59,56.64,56.64,55.44
2018-07-12,55.63,55.91,56.8,55.44
2018-07-13,55.81,55.95,56.19,55.3
2018-07-16,51.93,55.83,55.94,51.62
2018-07-17,53.25,52.17,53.56,51.26
2018-07-18,50.47,53.77,53.77,50.12
2018-07-19,49.98,50.91,51.33,49.35
2018-07-20,50.34,49.93,50.59,49.55
2018-07-23,51.69,50.52,51.95,49.87
2018-07-24,52.67,51.74,52.9,51.73
2018-07-25,53.45,52.98,53.64,52.92
2018-07-26,53.49,53.6,53.99,53.15
2018-07-27,54.95,53.52,55.36,53.52
2018-07-30,55.26,55.1,55.83,54.8
2018-07-31,56.28,55.39,56.45,54.34
2018-08-01,55.47,56.5,56.75,55.13
2018-08-02,55.45,55.39,56.12,54.05
2018-08-03,55.51,55.68,56.02,55.12
2018-08-06,55.34,55.95,56.45,55.1
2018-08-07,57.34,55.44,57.7,55.39
2018-08-08,57.77,57.8,58.3,57.41
2018-08-09,58.51,58.0,58.7,57.62
2018-08-10,57.55,58.6,58.65,57.31
2018-08-13,56.92,57.49,58.19,56.65
2018-08-14,57.89,58.4,58.7,56.24
2018-08-16,56.81,57.0,57.68,56.4
2018-08-17,58.06,57.12,58.51,57.1
2018-08-20,59.94,58.42,60.16,58.32
2018-08-21,58.23,60.2,60.35,58.02
2018-08-23,57.15,58.59,58.6,57.03
2018-08-24,57.55,57.05,57.9,56.8
2018-08-27,58.1,58.1,58.68,57.91
2018-08-28,58.94,58.2,59.3,57.83
2018-08-29,59.41,59.1,60.28,58.56
2018-08-30,60.83,59.37,61.0,59.07
2018-08-31,60.16,60.9,61.43,60.0
2018-09-03,60.05,60.2,61.0,59.83
2018-09-04,59.3,60.3,60.46,59.1
2018-09-05,59.39,58.99,59.73,58.12
2018-09-06,60.05,59.87,60.73,59.42
2018-09-07,61.9,60.2,62.1,59.73
2018-09-10,61.35,62.0,62.59,61.15
2018-09-11,59.23,61.59,61.72,58.91
2018-09-12,60.55,59.3,60.69,58.34
2018-09-14,61.53,60.91,62.0,60.91
2018-09-17,61.56,61.1,62.41,60.6
2018-09-18,61.24,61.9,62.42,60.95
2018-09-19,62.05,61.8,63.05,61.77
2018-09-21,62.45,63.0,64.67,58.5
2018-09-24,60.66,61.83,62.58,59.62
2018-09-25,59.99,60.91,60.96,57.45
2018-09-26,60.91,60.56,61.42,59.88
2018-09-27,60.99,61.18,61.98,60.48
2018-09-28,58.03,61.34,61.34,57.5
2018-10-01,58.35,58.3,58.55,55.79
2018-10-03,57.97,58.35,59.45,57.69
2018-10-04,58.19,57.97,58.75,57.0
2018-10-05,56.95,58.19,58.6,56.1
2018-10-08,55.98,56.8,56.95,54.45
2018-10-09,57.23,56.3,58.3,55.54
2018-10-10,58.3,57.49,58.66,57.4
2018-10-11,55.62,55.79,56.45,54.95
2018-10-12,57.49,56.07,57.74,56.0
2018-10-15,57.1,57.95,57.95,56.72
2018-10-16,57.41,57.18,58.4,57.0
2018-10-17,55.47,57.9,57.97,55.2
2018-10-19,55.36,55.0,56.23,54.54
2018-10-22,54.49,55.7,56.2,54.3
2018-10-23,54.61,53.92,54.94,53.53
2018-10-24,54.98,55.34,55.5,54.18
2018-10-25,54.66,54.3,55.05,54.0
2018-10-26,55.11,54.82,56.16,54.1
2018-10-29,57.36,55.64,57.5,55.23
2018-10-30,56.51,57.2,57.34,56.36
2018-10-31,55.24,55.68,55.75,53.01
2018-11-01,55.66,55.7,56.34,55.4
2018-11-02,57.38,56.37,58.2,56.1
2018-11-05,57.82,57.3,58.39,56.74
2018-11-06,57.7,58.7,58.7,57.02
2018-11-07,58.05,58.02,58.2,57.91
2018-11-09,57.33,58.0,58.0,56.9
2018-11-12,58.29,57.4,58.98,57.2
2018-11-13,58.91,58.29,59.17,57.95
2018-11-14,58.9,60.6,61.0,58.51
2018-11-15,58.87,59.01,59.64,58.16
2018-11-16,57.41,58.98,59.08,57.01
2018-11-19,58.22,57.62,58.35,57.45
2018-11-20,56.35,57.78,57.78,56.2
2018-11-21,55.26,56.35,56.35,55.07
2018-11-22,53.99,55.3,55.47,53.9
2018-11-26,53.11,54.32,54.49,52.21
2018-11-27,52.21,53.07,53.09,51.33
2018-11-28,52.4,52.44,52.88,51.91
2018-11-29,53.34,53.28,53.9,52.94
2018-11-30,53.02,53.64,53.65,52.59
2018-12-03,53.72,54.1,55.25,53.6
2018-12-04,53.83,53.39,54.05,53.17
2018-12-05,51.53,53.34,53.34,50.31
2018-12-06,51.1,51.4,52.16,50.15
2018-12-07,50.79,51.17,51.48,50.1
2018-12-10,50.2,50.08,50.89,49.73
2018-12-11,50.16,49.68,50.42,48.69
2018-12-12,52.04,50.58,52.24,50.55
2018-12-13,51.23,52.76,52.8,50.81
2018-12-14,51.34,51.09,51.79,50.66
2018-12-17,52.3,51.59,52.41,51.59
2018-12-18,52.7,52.39,52.9,52.01
2018-12-19,52.68,52.6,53.2,52.5
2018-12-20,52.34,52.08,52.69,52.0
2018-12-21,52.01,52.38,53.2,51.84
2018-12-24,51.44,51.99,52.07,51.22
2018-12-26,51.37,50.98,51.79,50.52
2018-12-27,50.78,51.9,52.05,50.65
2018-12-28,51.37,50.78,51.66,50.78
2018-12-31,52.19,51.85,52.52,51.6
2019-01-01,51.55,52.2,52.41,51.38
2019-01-02,49.38,50.7,50.7,49.16
2019-01-03,48.1,49.38,49.38,48.01
2019-01-04,48.77,48.1,49.28,47.93
2019-01-07,48.59,49.53,50.09,48.44
2019-01-08,49.13,48.6,49.34,48.41
2019-01-09,47.94,48.85,49.72,47.55
2019-01-10,48.03,47.96,48.37,47.75
2019-01-11,47.47,48.3,48.6,47.25
2019-01-14,47.07,47.49,47.49,46.66
2019-01-15,47.52,47.22,47.65,46.94
2019-01-16,47.45,47.7,47.98,47.31
2019-01-17,47.25,47.51,47.83,47.0
2019-01-18,47.05,47.4,47.74,46.81
2019-01-21,47.16,47.22,47.74,47.01
2019-01-22,45.68,47.1,47.1,45.59
2019-01-23,46.38,45.8,46.75,45.7
2019-01-24,46.08,46.55,46.55,45.72
2019-01-25,45.27,46.1,46.57,45.13
2019-01-28,44.56,45.3,45.38,44.31
2019-01-29,44.48,44.45,45.2,44.21
2019-01-30,46.76,44.5,47.12,44.5
2019-01-31,47.59,47.25,47.81,46.76
2019-02-01,47.34,47.7,48.16,46.95
2019-02-04,47.58,47.4,47.81,45.23
2019-02-05,46.48,47.62,47.75,45.95
2019-02-06,48.44,46.59,48.69,46.38
2019-02-07,48.76,48.4,49.1,47.8
2019-02-08,46.95,48.23,48.7,46.68
2019-02-11,48.04,47.27,48.58,46.05
2019-02-12,48.8,47.9,49.7,47.66
2019-02-13,48.34,49.0,49.3,48.1
2019-02-14,48.25,48.12,48.59,47.55
2019-02-15,46.74,48.12,48.25,46.34
2019-02-18,46.58,46.85,47.67,46.46
2019-02-19,47.12,46.8,48.05,46.52
2019-02-20,49.06,47.64,49.37,47.28
2019-02-21,49.79,49.26,50.2,49.06
2019-02-22,50.2,49.62,50.37,49.24
2019-02-25,50.48,50.4,50.95,49.85
2019-02-26,50.41,49.6,50.78,49.17
2019-02-27,50.59,50.6,51.2,49.89
2019-02-28,50.13,50.58,51.05,49.94
2019-03-01,50.72,50.39,50.98,50.27
2019-03-05,52.15,50.9,52.28,50.52
2019-03-06,51.88,52.65,52.65,51.6
2019-03-07,52.07,52.2,52.33,51.38
2019-03-08,50.8,51.9,51.9,50.63
2019-03-11,52.08,50.9,52.24,50.85
2019-03-12,52.41,52.33,53.0,51.99
2019-03-13,51.36,52.41,52.41,51.23
2019-03-14,51.78,51.41,52.2,51.34
2019-03-15,51.55,51.89,52.08,51.25
2019-03-18,52.47,52.09,52.6,51.56
2019-03-19,52.62,52.66,53.18,52.06
2019-03-20,51.35,52.52,52.6,51.13
2019-03-22,51.81,51.53,52.4,51.53
2019-03-25,51.56,51.35,51.8,50.7
2019-03-26,51.94,51.57,52.05,51.43
2019-03-27,51.59,51.94,52.3,51.31
2019-03-28,50.7,51.48,51.65,50.56
2019-03-29,52.09,51.1,52.49,50.9
2019-04-01,53.47,52.7,54.4,52.7
2019-04-02,53.11,53.93,53.93,52.63
2019-04-03,53.54,53.52,54.67,53.33
2019-04-04,53.05,53.7,53.7,52.71
2019-04-05,54.84,53.2,55.0,53.2
2019-04-08,54.91,55.27,55.74,54.66
2019-04-09,55.18,55.01,55.39,54.05
2019-04-10,54.42,55.3,55.88,54.18
2019-04-11,53.72,54.16,54.64,53.48
2019-04-12,53.38,53.87,54.29,53.24
2019-04-15,55.2,53.6,55.45,53.6
2019-04-16,55.27,55.24,55.67,54.94
2019-04-18,54.28,55.3,55.5,53.72
2019-04-22,53.53,54.2,54.56,53.45
2019-04-23,52.38,53.56,53.91,52.17
2019-04-24,52.53,52.78,52.78,51.32
2019-04-25,51.09,52.33,52.94,50.9
2019-04-26,54.5,52.0,54.8,51.6
2019-04-30,55.65,54.58,55.9,53.59
2019-05-02,55.48,55.6,56.03,54.93
2019-05-03,54.76,55.25,55.53,54.59
2019-05-06,53.55,53.3,54.28,52.77
2019-05-07,53.06,54.0,54.4,52.93
2019-05-08,52.35,53.2,53.27,52.11
2019-05-09,51.9,52.15,52.68,51.63
2019-05-10,48.73,52.24,52.6,47.98
2019-05-13,47.16,48.2,48.66,46.31
2019-05-14,46.98,46.77,47.84,45.66
2019-05-15,46.32,47.37,48.07,46.1
2019-05-16,46.92,46.48,47.15,45.55
2019-05-17,46.95,46.59,47.15,46.1
2019-05-20,48.31,47.95,49.42,47.7
2019-05-21,47.35,48.48,48.5,46.98
2019-05-22,47.37,47.28,48.0,46.73
2019-05-23,46.59,47.89,48.65,46.3
2019-05-24,48.35,46.59,48.6,45.87
2019-05-27,51.15,48.32,51.32,48.3
2019-05-28,50.73,51.3,51.81,50.55
2019-05-29,49.33,50.62,51.17,49.13
2019-05-30,48.91,49.4,49.6,48.66
2019-05-31,48.79,49.29,49.49,48.14
2019-06-03,49.65,48.7,50.12,48.53
2019-06-04,49.72,49.88,50.27,49.27
2019-06-06,48.45,49.8,50.22,48.21
2019-06-07,48.22,48.37,48.98,47.6
2019-06-10,48.67,48.88,49.45,48.35
2019-06-11,49.28,48.98,49.38,48.73
2019-06-12,50.56,49.3,50.8,49.1
2019-06-13,50.28,50.48,50.58,49.7
2019-06-14,50.15,50.05,50.82,49.72
2019-06-17,47.3,49.9,50.1,47.17
2019-06-18,47.27,47.44,47.84,46.37
2019-06-19,49.45,48.02,49.8,48.02
2019-06-20,50.09,49.49,50.26,48.97
2019-06-21,49.77,49.94,50.08,49.44
2019-06-24,48.62,49.7,49.98,48.19
2019-06-25,49.76,47.95,49.97,47.41
2019-06-26,51.05,49.52,51.23,49.26
2019-06-27,51.07,51.2,51.64,50.7
2019-06-28,50.44,51.1,51.53,49.93
2019-07-01,50.69,50.91,51.48,50.37
2019-07-02,50.84,50.99,51.09,50.2
2019-07-03,51.05,50.99,51.47,50.46
2019-07-04,49.53,50.07,50.25,49.39
2019-07-05,47.81,49.81,49.82,47.45
2019-07-08,46.8,47.5,47.92,46.55
2019-07-09,46.84,46.9,47.21,46.27
2019-07-10,45.46,47.02,47.41,44.81
2019-07-11,46.18,46.03,46.65,45.4
2019-07-12,47.26,46.4,47.96,46.05
2019-07-15,46.82,47.68,47.8,46.34
2019-07-16,47.65,46.59,47.86,46.41
2019-07-17,47.57,47.52,47.97,46.9
2019-07-18,46.66,47.5,47.5,46.4
2019-07-19,45.81,46.93,47.29,45.36
2019-07-22,46.52,45.81,46.7,45.12
2019-07-23,46.02,46.67,46.78,45.7
2019-07-24,44.6,45.9,46.29,44.33
2019-07-25,44.03,44.8,45.19,43.84
2019-07-26,44.52,44.15,44.8,43.58
2019-07-29,43.34,44.52,44.63,43.12
2019-07-30,41.47,43.47,44.2,40.62
2019-07-31,43.19,41.45,43.34,40.94
2019-08-01,41.95,42.8,43.16,41.5
2019-08-02,40.91,41.4,41.72,40.48
2019-08-05,39.91,40.23,40.49,38.98
2019-08-06,40.09,39.38,40.79,39.37
2019-08-07,38.18,39.58,39.65,37.8
2019-08-08,36.74,37.7,37.89,36.08
2019-08-09,36.23,37.0,37.37,36.11
2019-08-13,34.84,36.29,36.76,34.55
2019-08-14,36.45,35.2,37.04,35.2
2019-08-16,36.28,36.0,36.66,35.58
2019-08-19,35.95,36.69,36.69,35.73
2019-08-20,35.83,36.0,36.18,35.31
2019-08-21,34.3,35.79,35.83,34.18
2019-08-22,33.34,34.0,34.67,33.02
2019-08-23,34.48,33.31,34.88,33.0
2019-08-26,33.79,34.7,34.8,32.24
2019-08-27,35.09,34.02,35.45,34.02
2019-08-28,33.69,35.0,35.06,33.36
2019-08-29,33.55,33.44,34.23,32.85
2019-08-30,34.49,34.17,34.7,33.72
2019-09-03,33.14,34.16,34.16,32.92
2019-09-04,33.94,32.99,34.1,32.73
2019-09-05,34.5,34.52,35.2,34.25
2019-09-06,35.53,34.7,35.78,34.28
2019-09-09,35.35,35.6,36.06,34.84
2019-09-11,36.71,35.61,36.84,35.55
2019-09-12,36.45,36.7,37.99,36.29
2019-09-13,36.73,36.79,36.9,35.79
2019-09-16,36.12,36.3,36.64,35.87
2019-09-17,34.45,36.12,36.59,34.23
2019-09-18,35.8,34.72,36.1,34.56
2019-09-19,34.49,35.69,35.69,34.09
2019-09-20,36.91,34.55,38.07,34.42
2019-09-23,37.75,37.6,38.8,36.91
2019-09-24,37.06,38.1,38.1,36.83
2019-09-25,36.22,36.87,36.87,35.76
2019-09-26,37.61,36.43,37.93,36.35
2019-09-27,35.95,37.4,37.41,35.8
2019-09-30,35.98,35.59,36.35,34.58
2019-10-01,35.14,36.48,36.48,34.42
2019-10-03,33.96,34.88,34.9,33.86
2019-10-04,33.31,34.22,34.49,33.12
2019-10-07,32.48,33.68,33.83,32.33
2019-10-09,33.63,32.38,33.8,32.03
2019-10-10,32.97,33.26,33.45,32.8
2019-10-11,33.94,33.33,34.25,33.2
2019-10-14,34.48,34.6,35.24,34.16
2019-10-15,34.91,34.55,35.83,33.88
2019-10-16,34.74,35.44,35.47,34.54
2019-10-17,35.56,34.7,36.12,34.04
2019-10-18,35.99,35.56,36.26,35.18
2019-10-22,35.42,35.7,36.37,35.3
2019-10-23,35.61,35.4,35.87,34.94
2019-10-24,35.98,35.6,36.2,35.38
2019-10-25,36.15,35.5,36.88,35.5
2019-10-27,36.51,36.44,36.58,36.33
2019-10-29,39.1,36.52,39.97,36.52
2019-10-30,38.8,39.0,39.42,38.43
2019-10-31,38.05,38.86,39.02,37.63
2019-11-01,39.98,37.6,40.24,37.6
2019-11-04,40.91,40.2,42.16,40.2
2019-11-05,40.4,41.33,41.78,40.16
2019-11-06,40.44,40.06,40.88,39.89
2019-11-07,40.31,40.45,40.87,38.9
2019-11-08,39.78,40.25,40.6,39.52
2019-11-11,40.15,39.75,40.38,39.45
2019-11-13,39.69,40.17,40.84,39.27
2019-11-14,39.2,39.6,39.86,38.94
2019-11-15,39.44,39.25,40.3,39.06
2019-11-18,41.02,39.74,41.26,39.61
2019-11-19,40.19,41.2,41.48,40.02
2019-11-20,39.85,40.09,40.85,39.72
2019-11-21,38.52,39.95,39.95,38.35
2019-11-22,39.96,38.69,40.27,38.33
2019-11-25,41.95,40.5,42.12,40.4
2019-11-26,42.45,42.41,42.91,41.7
2019-11-27,42.13,42.59,42.7,41.9
2019-11-28,43.2,42.24,43.44,42.24
2019-11-29,42.74,42.5,42.95,42.12
2019-12-02,42.08,42.47,42.7,41.9
2019-12-03,39.95,41.89,41.94,39.67
2019-12-04,40.91,39.3,41.15,38.91
2019-12-05,39.97,41.09,41.2,39.72
2019-12-06,40.3,40.1,40.74,39.42
2019-12-09,40.65,40.3,41.17,40.23
2019-12-10,40.22,40.59,40.95,40.02
2019-12-11,40.54,40.26,40.8,40.05
2019-12-12,41.88,40.94,42.09,40.74
2019-12-13,42.88,42.93,43.45,42.36
2019-12-16,42.1,43.19,43.22,42.0
2019-12-17,43.95,42.4,44.17,42.33
2019-12-18,44.46,43.95,45.47,43.62
2019-12-19,44.67,44.06,44.93,43.82
2019-12-20,46.12,44.59,46.33,44.4
2019-12-23,46.2,46.15,46.76,45.72
2019-12-24,46.29,46.21,46.45,45.94
2019-12-26,46.78,46.35,47.16,46.35
2019-12-27,46.98,46.88,47.16,46.32
2019-12-30,47.47,47.09,47.6,46.51
2019-12-31,47.2,47.3,47.52,47.02
2020-01-01,46.77,47.31,47.65,46.5
2020-01-02,48.49,47.27,48.77,47.22
2020-01-03,48.38,48.3,48.62,47.95
2020-01-06,47.32,48.0,48.0,47.06
2020-01-07,47.56,47.74,48.46,47.36
2020-01-08,47.55,47.15,47.8,46.7
2020-01-09,48.3,48.4,48.62,47.94
2020-01-10,48.66,48.43,49.39,47.99
2020-01-13,49.55,49.02,49.69,48.8
2020-01-14,49.84,49.7,50.59,49.59
2020-01-15,50.2,49.25,50.36,48.94
2020-01-16,49.42,50.29,50.44,49.22
2020-01-17,49.53,49.4,49.89,49.24
2020-01-20,49.06,49.84,49.95,48.91
2020-01-21,47.59,48.71,48.86,47.37
2020-01-22,47.48,47.81,47.98,47.3
2020-01-23,48.03,47.7,48.2,47.34
2020-01-24,48.33,48.03,48.49,47.66
2020-01-27,46.24,47.76,47.76,46.02
2020-01-28,44.62,46.05,46.16,44.2
2020-01-29,45.21,45.32,45.95,44.98
2020-01-30,44.84,45.21,45.42,44.16
2020-01-31,43.88,45.1,45.44,43.65
2020-02-01,42.36,43.2,43.98,42.0
2020-02-03,43.66,42.0,43.85,41.69
2020-02-04,45.2,44.11,45.32,43.38
2020-02-05,47.53,45.2,47.9,44.8
2020-02-06,47.8,47.73,48.73,47.19
2020-02-07,47.09,47.73,47.97,46.9
2020-02-10,44.37,46.03,46.5,44.01
2020-02-11,44.42,44.62,45.72,44.28
2020-02-12,44.8,45.0,45.44,44.27
2020-02-13,44.09,44.92,45.16,43.95
2020-02-14,43.41,44.2,44.54,43.25
2020-02-17,43.69,43.63,44.08,43.3
2020-02-18,43.16,43.46,43.48,42.13
2020-02-19,43.3,43.61,43.84,42.84
2020-02-20,44.37,42.98,44.75,42.83
2020-02-24,41.53,43.6,43.6,41.33
2020-02-25,42.13,41.99,42.54,41.44
2020-02-26,41.62,41.23,41.95,41.2
2020-02-27,41.28,41.59,41.59,40.73
2020-02-28,38.16,40.19,40.19,37.34
2020-03-02,36.42,39.0,39.42,35.8
2020-03-03,38.76,37.2,39.14,37.02
2020-03-04,37.7,38.98,38.98,36.52
2020-03-05,37.56,38.4,38.8,37.42
2020-03-06,35.12,36.0,36.0,34.74
2020-03-09,32.23,33.8,33.8,31.96
2020-03-11,29.94,32.31,32.6,29.62
2020-03-12,28.68,27.69,29.18,26.73
2020-03-13,32.55,27.23,33.18,25.22
2020-03-16,28.96,30.5,31.77,28.7
2020-03-17,28.23,29.73,30.77,28.04
2020-03-18,28.09,29.0,29.3,27.59
2020-03-19,27.2,27.1,28.42,26.08
2020-03-20,29.8,27.77,30.5,27.47
2020-03-23,27.11,27.1,27.9,25.37
2020-03-24,27.18,28.5,28.58,25.87
2020-03-25,28.57,26.8,29.44,26.7
2020-03-26,28.57,28.9,29.55,28.01
2020-03-27,27.73,28.9,29.45,27.42
2020-03-30,25.41,27.28,27.28,25.09
2020-03-31,26.98,26.12,27.23,26.0
2020-04-01,26.64,26.7,26.8,25.83
2020-04-03,25.39,26.64,26.84,25.11
2020-04-07,27.61,26.48,27.73,26.12
2020-04-08,27.47,27.1,29.29,26.79
2020-04-09,28.48,28.0,28.95,27.8
2020-04-13,28.25,28.49,29.2,27.41
2020-04-15,28.52,28.5,29.56,28.18
2020-04-16,28.86,27.7,29.17,27.62
2020-04-17,29.33,29.64,30.0,28.55
2020-04-20,28.64,29.5,29.5,28.52
2020-04-21,26.61,28.3,28.3,26.35
2020-04-22,26.86,26.6,26.96,25.93
2020-04-23,27.04,27.0,27.89,26.92
2020-04-24,26.78,26.64,27.38,26.43
2020-04-27,27.17,27.27,27.68,27.05
2020-04-28,27.36,27.25,27.54,26.96
2020-04-29,28.25,27.45,28.6,27.14
2020-04-30,29.84,28.9,30.43,28.9
2020-05-04,27.37,28.6,28.62,27.06
2020-05-05,27.27,27.8,28.23,27.11
2020-05-06,27.77,27.4,28.05,27.22
2020-05-07,27.59,27.69,28.27,27.5
2020-05-08,27.29,28.2,28.35,27.21
2020-05-11,27.62,27.7,28.3,27.51
2020-05-12,27.39,27.29,27.67,26.46
2020-05-13,27.68,28.6,28.75,27.36
2020-05-14,26.86,27.3,27.53,26.73
2020-05-15,27.34,27.09,27.68,26.88
2020-05-18,26.64,27.48,27.62,26.25
2020-05-19,27.2,27.1,28.02,26.77
2020-05-20,28.33,27.11,28.4,27.0
2020-05-21,28.36,28.33,28.62,27.86
2020-05-22,27.45,28.0,28.02,27.33
2020-05-26,28.05,27.79,28.42,27.7
2020-05-27,28.8,28.2,29.02,27.91
2020-05-28,29.52,29.12,29.85,28.95
2020-05-29,29.52,29.2,29.68,28.77
2020-06-01,31.5,30.0,31.77,30.0
2020-06-02,31.93,31.73,32.32,31.47
2020-06-03,31.72,32.5,32.61,31.52
2020-06-04,32.02,31.61,32.26,31.48
2020-06-05,33.94,32.49,34.34,32.48
2020-06-08,33.37,34.51,35.05,32.73
2020-06-09,33.23,33.55,34.4,32.9
2020-06-10,32.42,33.08,33.12,32.21
2020-06-11,31.34,32.27,32.37,31.11
2020-06-12,31.75,30.2,32.05,30.01
2020-06-15,30.61,31.44,31.5,30.27
2020-06-16,30.89,31.3,32.24,30.15
2020-06-17,30.82,30.89,31.43,30.51
2020-06-18,31.81,30.82,31.9,30.75
2020-06-19,32.07,32.19,32.59,31.75
2020-06-22,32.59,32.07,32.79,31.84
2020-06-23,33.19,32.64,33.34,32.61
2020-06-24,32.6,33.69,33.8,32.49
2020-06-25,32.31,32.11,32.73,32.1
2020-06-26,32.39,32.42,33.0,32.27
2020-06-29,32.12,32.15,32.56,31.23
2020-06-30,32.66,32.06,33.76,32.06
2020-07-01,32.38,32.83,32.9,32.05
2020-07-02,33.49,32.58,33.76,32.45
2020-07-03,32.99,33.6,33.7,32.81
2020-07-06,33.88,33.22,34.15,33.03
2020-07-07,33.01,33.8,33.84,32.85
2020-07-08,33.42,33.22,34.62,33.22
2020-07-09,34.44,33.7,34.84,33.7
2020-07-10,33.86,34.35,34.43,33.51
2020-07-13,34.2,34.23,34.72,33.86
2020-07-14,33.68,33.95,33.95,33.28
2020-07-15,33.92,33.91,34.63,33.8
2020-07-16,34.17,33.99,34.63,33.17
2020-07-17,35.09,34.66,35.66,34.51
2020-07-20,35.24,35.39,35.47,34.67
2020-07-21,35.91,35.6,36.06,34.96
2020-07-22,35.01,36.2,36.28,34.67
2020-07-23,35.2,35.01,35.63,34.77
2020-07-24,34.6,34.8,34.97,34.28
2020-07-27,35.28,35.0,35.39,34.45
2020-07-28,35.83,35.41,36.0,35.29
2020-07-29,37.39,36.0,37.82,35.69
2020-07-30,36.67,37.64,37.81,36.42
2020-07-31,36.64,36.58,37.03,36.05
2020-08-03,37.33,36.45,37.67,36.24
2020-08-04,37.22,37.53,37.8,36.78
2020-08-05,39.58,37.31,39.8,37.31
2020-08-06,40.06,39.15,40.28,38.56
2020-08-07,40.4,39.53,40.67,39.33
2020-08-10,41.01,40.46,41.15,39.96
2020-08-11,41.65,41.35,42.75,41.25
2020-08-12,41.47,41.44,41.74,40.76
2020-08-13,41.33,41.71,42.17,40.9
2020-08-14,41.85,40.88,43.08,40.88
2020-08-17,42.49,41.85,42.9,41.42
2020-08-18,43.47,42.21,43.65,41.99
2020-08-19,43.18,43.5,43.55,42.9
2020-08-20,43.24,42.5,43.83,42.31
2020-08-21,42.89,43.67,44.2,42.66
2020-08-24,42.94,43.15,43.75,42.81
2020-08-25,42.4,43.06,43.25,42.15
2020-08-26,42.49,42.49,42.76,42.22
2020-08-27,42.69,42.51,43.02,42.31
2020-08-28,42.41,42.98,43.79,42.31
2020-08-31,41.32,42.61,43.01,41.05
2020-09-01,42.9,41.3,43.24,41.2
2020-09-02,43.88,42.9,44.15,42.72
2020-09-03,43.78,44.17,44.38,43.6
2020-09-04,42.13,42.71,43.38,41.92
2020-09-07,42.24,42.55,42.83,41.85
2020-09-08,40.49,42.5,42.54,40.23
2020-09-09,41.72,39.78,42.0,38.67
2020-09-10,40.79,42.4,42.56,40.13
2020-09-11,40.74,40.99,41.23,40.26
2020-09-14,40.42,40.9,41.4,40.23
2020-09-15,40.53,40.7,41.03,40.37
2020-09-16,40.46,40.69,41.0,40.26
2020-09-17,39.87,40.4,40.74,39.34
2020-09-18,39.53,40.2,40.55,39.35
2020-09-21,37.33,39.53,39.9,37.1
2020-09-22,37.42,37.49,37.87,35.82
2020-09-23,36.13,37.6,37.76,35.67
2020-09-24,34.38,35.9,35.9,34.3
2020-09-25,35.19,34.9,35.58,34.44
2020-09-28,36.1,35.9,36.49,35.6
2020-09-29,37.0,36.36,37.16,36.18
2020-09-30,35.97,37.15,37.15,35.8
2020-10-01,36.49,36.49,37.01,36.35
2020-10-05,38.22,36.9,38.53,36.9
2020-10-06,37.74,38.52,38.7,37.32
2020-10-07,37.08,37.85,37.9,36.97
2020-10-08,37.35,37.22,38.29,37.19
2020-10-09,36.97,37.52,38.69,36.73
2020-10-12,37.1,37.46,37.72,36.26
2020-10-13,36.75,37.25,37.63,36.17
2020-10-14,37.56,37.14,37.7,36.97
2020-10-15,37.38,38.04,38.85,37.16
2020-10-16,39.38,37.56,39.58,37.54
2020-10-19,39.53,39.66,40.0,39.15
2020-10-20,39.2,39.33,39.74,38.97
2020-10-21,40.39,39.55,40.78,39.46
2020-10-22,40.99,40.28,41.33,40.01
2020-10-23,42.33,41.2,42.59,41.2
2020-10-26,40.81,42.42,42.42,40.44
2020-10-27,41.1,40.72,41.67,40.35
2020-10-28,40.23,41.1,41.8,40.05
2020-10-29,40.13,39.91,40.51,39.56
2020-10-30,41.03,40.31,41.3,39.53
2020-11-02,40.28,41.2,41.24,39.88
2020-11-03,40.68,40.8,41.22,40.47
2020-11-04,40.39,40.81,41.5,40.15
2020-11-05,42.54,41.06,42.79,40.88
2020-11-06,42.63,42.52,43.27,42.26
2020-11-09,43.76,42.8,43.98,42.75
2020-11-10,44.19,44.0,45.3,43.56
2020-11-11,47.45,44.2,47.72,43.96
2020-11-12,47.31,47.29,47.98,46.65
2020-11-13,48.65,47.19,48.8,46.54
2020-11-14,49.21,49.15,49.91,48.7
2020-11-17,52.28,50.47,53.08,50.2
2020-11-18,51.7,51.84,52.39,51.02
2020-11-19,52.34,51.26,53.56,51.0
2020-11-20,53.26,52.56,54.17,52.12
2020-11-23,54.27,53.62,54.6,53.62
2020-11-24,54.81,54.69,55.04,54.15
2020-11-25,54.1,54.83,55.88,53.96
2020-11-26,56.89,54.78,57.1,54.15
2020-11-27,57.78,57.0,58.2,56.31
2020-12-01,58.56,59.05,59.05,57.7
2020-12-02,60.42,58.56,60.75,58.44
2020-12-03,62.09,60.8,62.48,60.76
2020-12-04,62.26,62.1,63.24,61.5
2020-12-07,61.44,62.3,62.9,60.97
2020-12-08,61.41,61.53,62.1,60.26
2020-12-09,60.92,61.9,62.07,60.71
2020-12-10,61.01,60.79,61.38,59.35
2020-12-11,62.17,61.51,62.53,61.47
2020-12-14,62.67,62.53,63.87,62.03
2020-12-15,63.52,62.53,63.64,61.78
2020-12-16,64.33,64.03,64.94,63.83
2020-12-17,63.54,64.5,64.57,63.17
2020-12-18,63.14,63.89,64.09,62.8
2020-12-21,59.51,62.5,62.76,58.56
2020-12-22,60.13,59.46,61.06,58.46
2020-12-23,62.15,60.0,62.39,59.6
2020-12-24,62.22,62.5,63.7,61.93
2020-12-28,63.28,62.95,63.53,62.66
2020-12-29,63.19,63.7,63.97,62.07
2020-12-30,64.11,63.31,64.39,62.45
2020-12-31,64.36,63.69,65.33,63.63
2021-01-01,64.31,64.4,64.96,64.04
2021-01-04,69.28,64.65,69.94,64.65
2021-01-05,68.07,68.6,69.36,67.51
2021-01-06,68.39,68.32,69.63,67.5
2021-01-07,72.28,69.16,73.14,69.16
2021-01-08,71.3,72.68,72.74,70.32
2021-01-11,69.55,71.32,71.32,68.83
2021-01-12,69.47,69.66,72.43,69.15
2021-01-13,70.92,70.32,71.47,69.32
2021-01-14,70.61,71.1,71.43,69.72
2021-01-15,70.56,71.0,72.14,69.8
2021-01-18,66.62,70.6,71.0,65.96
2021-01-19,68.07,67.1,68.39,64.76
2021-01-20,69.01,69.5,69.94,68.25
2021-01-21,66.68,69.3,69.47,66.19
2021-01-22,64.69,67.04,67.58,63.4
2021-01-25,65.21,64.86,66.17,63.1
2021-01-27,62.58,65.2,65.2,62.36
2021-01-28,62.4,61.8,63.05,61.4
2021-01-29,60.12,62.91,63.36,59.63
2021-02-01,63.62,60.4,63.99,59.74
2021-02-02,64.17,64.06,64.78,62.44
2021-02-03,65.29,64.22,66.4,63.73
2021-02-04,65.61,65.3,66.35,63.88
2021-02-05,68.51,65.7,69.0,65.15
2021-02-08,70.29,69.49,70.44,68.27
2021-02-09,69.96,70.65,71.63,69.17
2021-02-10,69.03,71.3,72.44,68.04
2021-02-11,69.45,69.03,70.46,68.3
2021-02-12,68.04,69.43,69.79,67.83
2021-02-15,67.18,68.79,68.79,66.96
2021-02-16,69.86,67.25,70.87,67.0
2021-02-17,69.67,69.89,70.32,68.75
2021-02-18,69.79,70.3,71.1,69.41
2021-02-19,67.07,69.56,69.56,65.6
2021-02-22,68.36,67.21,69.71,67.1
2021-02-23,72.95,68.92,73.66,68.23
2021-02-24,72.96,73.2,74.5,65.65
2021-02-25,74.29,73.31,75.29,73.16
2021-02-26,71.48,72.4,74.18,71.16
2021-03-01,73.02,72.59,73.82,71.18
2021-03-02,73.52,73.39,73.97,72.34
2021-03-03,77.67,73.91,78.2,73.91
2021-03-04,75.81,75.3,76.71,74.39
2021-03-05,73.33,75.0,75.61,72.71
2021-03-08,73.74,74.49,75.1,73.5
2021-03-09,70.66,74.3,75.09,70.2
2021-03-10,72.42,71.64,72.97,70.3
2021-03-12,71.99,73.9,74.51,71.43
2021-03-15,73.61,72.35,73.88,71.51
2021-03-16,72.4,74.0,74.06,71.95
2021-03-17,70.44,72.5,72.6,70.04
2021-03-18,70.5,71.6,72.32,69.82
2021-03-19,73.3,70.35,73.67,68.12
2021-03-22,74.35,73.2,74.55,72.48
2021-03-23,74.1,74.55,74.96,73.35
2021-03-24,70.34,73.5,73.5,69.9
2021-03-25,72.29,70.9,73.05,68.85
2021-03-26,76.67,73.0,77.49,72.54
2021-03-30,79.97,77.71,80.69,77.71
2021-03-31,81.19,79.36,82.35,78.94
2021-04-01,86.29,82.1,86.86,81.86
2021-04-05,86.74,86.39,87.78,83.74
2021-04-06,86.29,87.5,88.23,85.82
2021-04-07,87.47,86.9,88.49,86.3
2021-04-08,91.76,88.4,95.31,88.2
2021-04-09,89.92,92.1,93.01,88.6
2021-04-12,85.14,87.66,89.33,84.32
2021-04-13,87.89,85.99,88.16,84.9
2021-04-15,89.79,88.5,91.18,87.97
2021-04-16,88.96,90.4,91.41,88.65
2021-04-19,88.69,87.47,89.88,85.49
2021-04-20,89.43,90.15,90.58,88.21
2021-04-22,92.12,90.0,93.85,89.76
2021-04-23,92.52,93.0,94.53,91.07
2021-04-26,94.04,93.4,95.61,93.01
2021-04-27,97.71,94.9,98.33,94.44
2021-04-28,97.11,98.5,98.64,96.21
2021-04-29,103.16,98.2,103.7,98.2
2021-04-30,103.39,102.22,105.25,101.12
2021-05-03,106.46,103.5,107.0,101.85
2021-05-04,106.4,107.4,108.67,105.83
2021-05-05,106.89,108.12,108.89,104.7
2021-05-06,110.06,106.4,112.88,104.4
2021-05-07,118.24,112.9,119.2,112.9
2021-05-10,121.65,120.9,122.9,120.0
2021-05-11,123.39,118.7,124.63,117.66
2021-05-12,117.86,123.1,124.68,116.3
2021-05-14,113.21,118.9,118.9,111.5
2021-05-17,115.07,114.0,115.82,110.36
2021-05-18,117.95,117.2,119.62,115.71
2021-05-19,116.43,117.45,118.96,115.82
2021-05-20,110.49,113.99,113.99,109.89
2021-05-21,111.25,111.4,112.36,110.6
2021-05-24,109.18,111.29,111.29,108.1
2021-05-25,110.49,110.4,112.6,110.0
2021-05-26,108.18,109.39,109.39,107.3
2021-05-27,109.66,108.2,110.96,107.5
2021-05-28,110.38,112.71,114.38,109.75
2021-05-31,112.57,110.52,112.99,109.94
2021-06-01,110.03,112.8,112.8,108.55
2021-06-02,112.36,110.79,112.9,110.5
2021-06-03,112.17,112.8,113.94,111.33
2021-06-04,111.99,111.9,112.89,110.72
2021-06-07,112.83,113.0,115.0,112.57
2021-06-08,111.05,113.3,113.4,110.0
2021-06-09,110.09,111.5,112.79,109.44
2021-06-10,111.46,111.2,112.55,110.3
2021-06-11,115.9,112.5,116.48,111.31
2021-06-14,116.49,116.52,117.86,114.0
2021-06-15,117.44,117.0,118.64,116.06
2021-06-16,114.21,117.0,118.45,113.14
2021-06-17,110.36,112.0,113.38,109.6
2021-06-18,109.13,110.57,110.96,105.05
2021-06-21,110.55,107.5,110.9,106.44
2021-06-22,111.36,111.8,113.07,110.71
2021-06-23,109.98,112.0,112.78,109.54
2021-06-24,111.32,110.4,112.05,109.88
2021-06-25,116.5,113.4,116.95,112.9
2021-06-28,118.4,117.5,118.92,116.32
2021-06-29,117.25,118.6,119.5,116.55
2021-06-30,116.68,117.95,119.1,116.25
2021-07-01,116.33,117.0,117.65,115.69
2021-07-02,113.6,116.5,116.65,113.05
2021-07-05,115.68,115.0,116.11,113.61
2021-07-06,116.68,115.75,117.8,115.01
2021-07-07,121.78,116.68,122.5,115.89
2021-07-08,118.97,122.5,122.98,118.12
2021-07-09,123.92,119.2,124.32,118.81
2021-07-12,122.68,125.0,125.84,121.8
2021-07-13,122.89,123.8,124.36,122.37
2021-07-14,124.46,123.39,124.74,121.9
2021-07-15,125.61,124.9,126.6,123.79
2021-07-16,127.83,126.49,128.12,125.86
2021-07-19,126.63,126.5,129.09,125.56
2021-07-20,123.27,127.05,127.24,122.51
2021-07-22,127.29,124.6,127.79,124.6
2021-07-23,128.19,127.95,129.54,127.42
2021-07-26,129.81,128.52,130.79,127.82
2021-07-27,133.05,131.21,133.5,130.82
2021-07-28,136.51,133.38,137.0,130.63
2021-07-29,145.9,137.47,148.13,136.8
2021-07-30,143.38,145.9,147.29,142.8
2021-08-02,140.99,144.89,144.89,140.59
2021-08-03,140.71,141.37,142.05,139.06
2021-08-04,141.6,142.0,144.83,140.51
2021-08-05,144.64,141.84,145.0,138.75
2021-08-06,142.88,145.1,145.7,142.57
2021-08-09,141.21,143.9,144.32,140.51
2021-08-10,137.35,141.5,141.83,136.76
2021-08-11,142.65,139.0,143.0,138.41
2021-08-12,143.5,143.5,144.48,141.66
2021-08-13,146.13,141.4,147.69,139.25
2021-08-16,151.91,148.5,153.46,147.28
2021-08-17,150.35,151.94,153.38,149.21
2021-08-18,149.99,150.99,151.9,148.85
2021-08-20,137.58,145.92,145.92,136.3
2021-08-23,135.86,140.0,140.9,130.98
2021-08-24,140.46,137.72,141.99,137.67
2021-08-25,139.04,142.0,142.6,138.1
2021-08-26,137.45,139.04,139.49,136.57
2021-08-27,138.41,138.2,139.44,137.6
2021-08-30,143.95,140.1,144.5,139.38
2021-08-31,145.01,144.0,145.9,143.3
2021-09-01,141.14,145.1,145.37,140.71
2021-09-02,142.51,142.49,143.17,141.07
2021-09-03,144.32,143.01,145.29,141.68
2021-09-06,143.75,144.7,145.18,142.33
2021-09-07,142.78,144.1,145.88,142.04
2021-09-08,142.98,142.87,144.27,141.84
2021-09-09,144.74,142.47,145.18,142.2
2021-09-13,146.32,144.5,147.19,143.65
2021-09-14,145.23,147.52,147.66,144.9
2021-09-15,145.48,145.47,146.37,144.45
2021-09-16,143.65,146.46,147.16,143.18
2021-09-17,138.53,144.71,144.71,136.01
2021-09-20,125.33,135.6,135.6,124.68
2021-09-21,129.2,125.6,129.9,123.32
2021-09-22,130.53,130.0,131.8,128.33
2021-09-23,131.94,133.2,133.99,130.65
2021-09-24,127.19,132.1,132.25,125.88
2021-09-27,127.1,127.4,128.9,126.15
2021-09-28,128.07,127.46,129.7,126.3
2021-09-29,129.55,127.6,130.96,126.9
2021-09-30,128.85,130.15,131.64,128.44
2021-10-01,129.85,127.5,131.1,126.55
2021-10-04,132.43,129.85,132.77,128.07
2021-10-05,131.66,131.6,133.2,131.04
2021-10-06,127.97,132.3,132.88,127.33
2021-10-07,128.95,129.3,130.65,128.4
2021-10-08,130.1,130.4,134.4,129.7
2021-10-11,131.36,130.77,132.68,129.82
2021-10-12,132.9,131.65,133.5,130.46
2021-10-13,135.42,133.1,137.62,131.85
2021-10-14,137.37,137.5,139.0,135.43
2021-10-18,141.11,142.0,142.46,139.1
2021-10-19,136.74,142.1,142.62,135.72
2021-10-20,134.27,137.0,137.6,132.68
2021-10-21,131.45,135.8,135.8,129.01
2021-10-22,129.57,132.26,132.45,127.11
2021-10-25,129.45,129.8,131.6,126.74
2021-10-26,134.52,129.6,135.1,129.6
2021-10-27,132.51,134.85,135.13,132.09
2021-10-28,129.92,131.9,131.9,129.15
2021-10-29,131.66,129.39,133.37,129.1
2021-11-01,136.55,133.66,137.27,132.98
2021-11-02,131.45,137.0,137.0,131.1
2021-11-03,132.59,132.4,133.12,131.2
2021-11-04,132.59,133.45,133.45,132.41
2021-11-08,134.28,134.0,134.67,130.65
2021-11-09,133.55,134.7,136.0,132.88
2021-11-10,129.85,132.9,132.91,128.72
2021-11-11,129.9,130.47,132.42,128.87
2021-11-12,128.69,134.3,134.3,127.2
2021-11-15,124.52,129.8,129.9,124.3
2021-11-16,122.89,124.75,126.07,122.6
2021-11-17,122.0,122.5,123.75,121.5
2021-11-18,118.68,121.54,122.88,118.23
2021-11-22,116.48,118.6,119.65,114.61
2021-11-23,119.25,116.6,120.9,116.49
2021-11-24,117.89,120.27,120.35,117.2
2021-11-25,117.36,118.5,118.65,116.6
2021-11-26,111.22,116.0,116.0,110.7
2021-11-29,111.47,111.22,113.69,107.55
2021-11-30,107.16,111.39,112.75,106.38
2021-12-01,108.25,107.6,109.59,106.67
2021-12-02,111.28,108.2,111.55,107.4
2021-12-03,111.8,111.7,113.43,110.25
2021-12-06,110.9,112.0,114.07,110.24
2021-12-07,114.93,112.38,115.55,112.18
2021-12-08,117.33,116.34,117.66,114.9
2021-12-09,117.68,117.86,118.2,115.96
2021-12-10,118.0,117.5,118.88,116.68
2021-12-13,116.51,118.7,119.9,116.18
2021-12-14,116.69,116.0,117.82,114.8
2021-12-15,115.39,117.5,117.55,115.0
2021-12-16,115.42,116.7,116.89,114.39
2021-12-17,113.18,115.6,115.84,112.5
2021-12-20,107.29,112.0,112.0,106.64
2021-12-21,110.49,108.5,112.4,108.5
2021-12-22,112.75,110.85,113.2,110.85
2021-12-23,112.74,114.0,114.66,112.06
2021-12-24,111.56,112.74,113.25,110.46
2021-12-27,112.24,111.33,112.43,110.22
2021-12-28,112.74,112.5,113.14,112.2
2021-12-29,111.61,112.3,112.66,110.82
2021-12-30,110.11,111.8,112.74,109.91
2021-12-31,111.15,110.32,112.33,110.32
2022-01-03,114.32,111.15,115.0,111.15
2022-01-04,114.89,115.32,115.96,113.64
2022-01-05,117.72,114.5,118.05,114.08
2022-01-06,116.34,117.57,118.22,115.57
2022-01-07,116.02,116.2,117.42,114.78
2022-01-10,116.89,116.7,117.31,115.42
2022-01-11,113.01,115.7,116.35,111.29
2022-01-12,114.72,114.18,115.1,113.27
2022-01-13,122.06,115.2,122.5,115.2
2022-01-14,121.33,121.4,122.6,120.61
2022-01-17,122.97,121.5,124.44,119.07
2022-01-18,119.45,123.2,123.29,119.0
2022-01-19,120.88,119.7,122.06,118.31
2022-01-20,120.75,120.88,122.37,119.75
2022-01-21,116.9,120.05,120.42,115.64
2022-01-24,109.92,116.44,116.44,109.01
2022-01-25,110.87,110.25,112.09,108.82
2022-01-27,108.88,110.3,110.36,106.17
2022-01-28,108.46,110.68,112.6,108.07
2022-01-31,108.54,111.3,111.47,108.11
2022-02-01,116.76,111.0,117.39,108.66
2022-02-02,116.75,118.08,118.28,115.82
2022-02-03,116.57,115.2,118.2,114.59
2022-02-04,117.61,117.75,119.78,117.01
2022-02-07,118.29,116.97,121.44,116.61
2022-02-08,121.96,119.65,122.2,117.16
2022-02-09,122.24,123.0,123.33,120.82
2022-02-10,124.82,123.0,125.4,122.6
2022-02-11,125.47,124.1,126.5,123.33
2022-02-14,118.59,120.6,122.6,118.0
2022-02-15,120.75,119.0,121.2,115.15
2022-02-16,119.21,121.1,121.8,118.7
2022-02-17,119.05,120.27,120.96,118.63
2022-02-18,119.08,118.5,120.5,118.26
2022-02-21,118.15,118.62,120.2,117.46
2022-02-22,113.85,115.5,116.62,111.94
2022-02-23,113.88,114.98,115.22,113.43
2022-02-24,107.5,109.5,111.94,106.8
2022-02-25,114.52,109.13,115.0,109.13
2022-02-28,122.09,113.8,122.5,113.0
2022-03-02,128.85,120.8,129.97,120.8
2022-03-03,130.32,130.5,132.81,129.38
2022-03-04,127.74,130.3,132.0,127.35
2022-03-07,129.18,127.8,130.17,126.39
2022-03-08,126.93,129.7,129.7,124.45
2022-03-09,125.48,127.22,127.65,124.85
2022-03-10,130.84,126.37,131.38,124.12
2022-03-11,130.15,131.25,133.97,129.65
2022-03-14,129.71,130.77,131.18,127.86
2022-03-15,123.36,129.4,129.4,122.85
2022-03-16,126.52,124.59,127.1,124.0
2022-03-17,130.34,127.0,131.77,127.0
2022-03-21,130.23,131.8,133.4,129.51
2022-03-22,130.24,131.5,133.0,128.8
2022-03-23,133.05,132.25,134.74,129.22
2022-03-24,135.02,133.0,135.93,132.57
2022-03-25,133.88,135.4,136.62,133.41
2022-03-28,133.9,133.7,135.5,132.8
2022-03-29,133.44,134.11,134.8,132.68
2022-03-30,130.79,133.5,133.6,130.01
2022-03-31,130.71,130.79,132.04,129.95
2022-04-01,131.62,131.02,134.1,130.57
2022-04-04,133.95,131.71,135.39,131.6
2022-04-05,134.49,135.18,135.8,132.94
2022-04-06,137.1,135.2,138.63,134.49
2022-04-07,134.94,137.4,138.21,134.13
2022-04-08,137.11,135.7,137.97,135.68
2022-04-11,135.8,137.0,138.38,135.5
2022-04-12,132.05,135.5,135.96,129.65
2022-04-13,131.93,133.88,134.6,131.5
2022-04-18,133.92,133.5,135.85,132.9
2022-04-19,132.54,135.4,136.65,130.9
2022-04-20,131.37,133.27,133.68,130.4
2022-04-21,130.22,131.99,132.28,128.6
2022-04-22,127.78,130.22,131.13,127.4
2022-04-25,122.06,125.1,126.0,121.3
2022-04-26,123.36,123.5,124.15,122.51
2022-04-27,124.65,122.8,125.49,121.02
2022-04-28,126.11,126.0,126.81,124.31
2022-04-29,127.17,126.5,129.14,126.4
2022-05-02,129.51,125.5,130.27,124.88
2022-05-04,126.14,133.0,133.0,125.5
2022-05-05,128.45,128.2,131.65,127.68
2022-05-06,128.43,127.0,128.96,124.3
2022-05-09,125.24,126.99,127.4,124.41
2022-05-10,116.54,125.2,125.47,115.82
2022-05-11,116.63,117.11,119.06,112.36
2022-05-12,111.82,115.71,116.2,110.33
2022-05-13,109.64,113.0,115.21,109.25
2022-05-16,110.43,112.19,113.49,109.38
2022-05-17,118.83,112.5,119.68,111.79
2022-05-18,118.03,119.43,120.9,117.56
2022-05-19,112.29,115.0,115.56,111.52
2022-05-20,117.02,116.0,117.82,114.15
2022-05-23,102.36,111.0,111.0,100.32
2022-05-24,100.62,103.4,103.98,100.25
2022-05-25,99.92,100.3,101.82,99.2
2022-05-26,105.18,100.7,106.73,99.56
2022-05-27,104.33,106.38,106.88,103.21
2022-05-30,104.74,106.0,106.39,104.4
2022-05-31,105.56,104.49,107.19,103.72
2022-06-01,106.29,106.11,107.9,105.44
2022-06-02,108.13,106.8,108.46,105.9
2022-06-03,106.76,108.92,109.29,106.5
2022-06-06,107.82,106.23,108.3,104.94
2022-06-07,106.86,107.0,108.14,106.36
2022-06-08,108.68,107.4,108.85,107.4
2022-06-09,104.54,107.96,108.74,104.15
2022-06-10,102.35,103.2,103.2,101.1
2022-06-13,99.27,100.8,101.19,99.0
2022-06-14,99.63,98.9,101.38,98.76
2022-06-15,95.97,95.4,97.42,95.15
2022-06-16,90.17,97.0,97.5,89.85
2022-06-17,90.68,90.14,92.76,89.5
2022-06-20,86.12,90.79,90.79,84.3
2022-06-21,88.43,87.7,89.51,86.4
2022-06-22,83.79,87.69,87.69,83.56
2022-06-23,84.1,84.0,85.6,82.71
2022-06-24,85.29,84.8,86.47,84.46
2022-06-27,86.78,86.71,87.87,86.31
2022-06-28,87.94,86.87,88.42,86.06
2022-06-29,88.14,87.2,88.86,86.5
2022-06-30,86.69,88.4,89.46,86.43
2022-07-01,87.33,87.2,87.53,85.93
2022-07-04,85.46,87.0,87.11,84.4
2022-07-05,86.03,86.21,87.9,85.81
2022-07-06,85.84,86.03,86.1,83.83
2022-07-07,90.03,86.5,90.6,85.8
2022-07-08,88.57,91.9,91.9,88.05
2022-07-11,91.27,88.88,92.85,87.61
2022-07-12,90.21,90.9,91.6,89.38
2022-07-13,90.45,90.4,91.4,90.1
2022-07-14,90.81,90.5,91.09,89.5
2022-07-15,88.36,90.25,91.02,87.75
2022-07-18,90.43,89.5,90.79,89.22
2022-07-19,91.93,90.41,92.2,90.1
2022-07-20,92.82,93.43,93.78,92.5
2022-07-21,93.45,93.0,93.9,92.46
2022-07-22,93.6,94.0,94.4,93.21
2022-07-25,96.09,93.6,96.61,93.36
2022-07-26,94.94,96.9,97.4,94.59
2022-07-27,95.94,94.9,96.15,94.36
2022-07-28,100.35,98.0,102.05,97.4
2022-07-29,107.65,103.0,109.3,102.1
2022-08-01,108.25,110.1,111.45,106.1
2022-08-02,106.95,108.2,108.2,105.3
2022-08-03,107.0,106.85,108.5,106.0
2022-08-04,107.7,108.15,109.5,106.05
2022-08-05,107.35,107.85,109.25,107.05
2022-08-08,107.2,107.5,108.2,106.7
2022-08-10,109.25,107.9,109.9,106.45
2022-08-11,109.1,110.1,110.65,108.6
2022-08-12,112.65,109.2,112.9,108.7
2022-08-16,113.0,113.7,113.8,111.05
2022-08-17,112.5,113.7,113.7,112.25
2022-08-18,112.55,112.5,113.0,111.35
2022-08-19,110.0,112.8,112.8,109.5
2022-08-22,105.05,109.7,109.7,104.7
2022-08-23,107.55,104.2,108.25,103.45
2022-08-24,106.55,107.85,108.2,105.8
2022-08-25,106.2,106.85,107.85,105.8
2022-08-26,107.4,107.3,109.2,107.1
2022-08-29,104.85,101.2,105.65,101.2
2022-08-30,108.3,106.3,108.45,106.0
2022-09-01,106.45,107.2,107.8,105.85
2022-09-02,105.55,106.9,107.05,105.0
2022-09-05,106.9,105.9,107.25,105.9
2022-09-06,108.55,107.15,108.75,106.05
2022-09-07,107.6,107.3,108.8,107.1
2022-09-08,105.85,108.15,108.5,105.3
2022-09-09,105.75,106.8,107.35,105.55
2022-09-12,107.7,106.7,107.9,106.45
2022-09-13,107.75,107.7,108.65,107.55
2022-09-14,109.1,106.1,110.4,105.8
2022-09-15,107.0,109.0,109.0,106.5
2022-09-16,105.8,106.35,107.55,105.0
2022-09-19,103.15,106.05,106.25,103.0
2022-09-20,105.85,104.25,106.35,104.0
2022-09-21,104.5,105.85,107.2,104.3
2022-09-22,103.65,104.5,105.3,103.5
2022-09-23,104.25,106.2,107.9,103.75
2022-09-26,99.85,104.5,104.5,98.5
2022-09-27,97.6,101.1,101.3,96.55
2022-09-28,95.25,96.65,97.85,95.0
2022-09-29,96.85,96.9,98.3,96.4
2022-09-30,99.3,96.7,100.4,95.7
2022-10-03,98.3,99.4,99.6,98.0
2022-10-04,101.15,99.6,101.5,99.6
2022-10-06,103.45,102.0,103.8,101.75
2022-10-07,103.2,103.35,103.45,101.85
2022-10-10,103.25,102.0,103.9,101.2
2022-10-11,100.3,103.3,103.5,99.9
2022-10-12,100.55,100.5,101.15,99.0
2022-10-13,100.1,100.7,101.8,98.85
2022-10-14,100.1,101.6,102.7,99.85
2022-10-17,99.55,99.85,100.4,98.1
2022-10-18,100.6,100.1,101.0,99.8
2022-10-19,100.05,100.6,101.2,99.7
2022-10-20,100.9,99.5,101.1,98.8
2022-10-21,100.15,100.65,101.45,99.35
2022-10-24,101.2,102.0,102.0,101.0
2022-10-25,101.15,101.0,102.5,100.65
2022-10-27,104.2,102.05,104.65,102.05
2022-10-28,101.55,104.05,104.5,100.8
2022-10-31,101.55,101.7,102.15,100.3
2022-11-01,101.2,98.15,101.45,98.15
2022-11-02,101.2,100.9,102.9,100.8
2022-11-03,102.2,100.6,102.6,100.05
2022-11-04,104.75,102.25,105.0,102.25
2022-11-07,106.65,105.1,107.4,104.55
2022-11-09,106.15,107.0,107.5,105.55
2022-11-10,104.65,105.05,106.0,104.45
2022-11-11,107.5,106.2,108.2,106.15
2022-11-14,108.65,108.15,110.0,108.15
2022-11-15,108.5,108.8,109.35,107.25
2022-11-16,106.55,108.3,108.8,105.25
2022-11-17,105.85,106.0,106.75,104.5
2022-11-18,105.5,105.85,106.3,104.7
2022-11-21,104.2,107.9,107.9,103.9
2022-11-22,105.15,104.25,105.4,103.55
2022-11-23,105.6,105.9,105.95,104.9
2022-11-24,105.45,105.65,105.95,104.6
2022-11-25,106.2,105.55,106.5,105.1
2022-11-28,104.9,105.9,106.4,104.55
2022-11-29,106.1,104.8,107.6,104.8
2022-11-30,107.7,106.1,107.9,105.9
2022-12-01,110.7,108.2,111.3,108.0
2022-12-02,112.05,110.25,112.5,110.25
2022-12-05,115.8,113.05,116.05,112.6
2022-12-06,112.9,115.6,115.6,112.25
2022-12-07,111.25,113.1,113.5,110.9
2022-12-08,111.85,111.5,112.95,110.8
2022-12-09,110.45,112.6,113.8,109.7
2022-12-12,111.75,110.0,112.1,108.7
2022-12-13,111.15,112.35,112.75,110.8
2022-12-14,113.0,111.3,113.2,111.15
2022-12-15,110.95,112.75,113.5,110.7
2022-12-16,111.0,110.15,112.05,109.4
2022-12-19,111.75,110.75,112.1,110.75
2022-12-20,110.9,111.2,111.5,109.05
2022-12-21,109.35,111.65,111.95,108.75
2022-12-22,107.55,109.4,110.6,106.4
2022-12-23,102.2,105.8,106.5,101.9
2022-12-26,105.0,102.0,105.6,101.6
2022-12-27,111.15,106.6,111.5,105.8
2022-12-28,109.95,111.15,112.25,109.7
2022-12-29,111.75,108.8,112.0,108.8
2022-12-30,112.65,112.55,114.7,112.1
2023-01-02,119.25,114.2,119.6,113.75
2023-01-03,118.45,119.75,120.5,117.75
2023-01-04,115.7,118.55,119.1,115.35
2023-01-05,116.6,116.4,117.0,114.5
2023-01-06,115.6,116.8,117.8,115.25
2023-01-09,117.5,116.8,118.15,116.6
2023-01-10,118.85,117.55,119.75,117.55
2023-01-11,118.8,119.3,120.35,118.0
2023-01-12,118.05,118.85,119.2,117.55
2023-01-13,120.45,118.35,121.6,118.15
2023-01-16,119.95,121.25,121.45,118.8
2023-01-17,119.35,119.85,119.85,118.0
2023-01-18,122.6,119.85,123.0,119.85
2023-01-19,123.5,121.95,124.3,120.25
2023-01-20,122.9,123.5,124.2,122.0
2023-01-23,122.0,123.3,123.85,121.5
2023-01-24,120.35,122.3,122.55,120.1
2023-01-25,121.0,120.25,122.25,120.0
2023-01-27,120.65,121.6,123.2,119.1
2023-01-30,118.7,120.6,121.05,116.9
2023-01-31,119.65,118.7,120.4,117.85
2023-02-01,122.05,120.0,124.15,119.35
2023-02-02,119.9,122.0,122.45,118.4
2023-02-03,120.1,120.0,120.95,117.2
2023-02-06,117.6,120.0,120.0,117.05
2023-02-07,111.45,112.0,115.3,110.55
2023-02-08,111.5,111.4,112.7,110.05
2023-02-09,111.25,111.8,112.95,109.95
2023-02-10,108.8,111.05,111.05,108.3
2023-02-13,108.8,108.95,110.6,108.45
2023-02-14,109.25,109.5,109.9,108.3
2023-02-15,110.35,108.9,110.6,108.8
2023-02-16,112.0,110.35,112.2,110.35
2023-02-17,112.3,111.8,113.1,111.35
2023-02-20,112.35,112.55,112.75,111.05
2023-02-21,113.2,112.7,114.15,112.7
2023-02-22,111.15,113.05,113.65,110.65
2023-02-23,111.9,111.3,113.7,111.3
2023-02-24,109.8,112.5,112.85,109.55
2023-02-27,106.1,109.8,109.95,105.2
2023-02-28,103.95,106.6,107.05,103.7
2023-03-01,105.5,104.35,107.1,104.35
2023-03-02,104.65,105.85,106.9,104.35
2023-03-03,106.95,105.75,107.4,105.05
2023-03-06,105.65,107.2,107.7,105.05
2023-03-08,106.55,105.3,106.95,103.9
2023-03-09,108.2,107.6,108.95,107.45
2023-03-10,108.05,107.5,108.35,106.6
2023-03-13,106.85,108.1,109.0,106.35
2023-03-14,106.45,106.9,108.6,106.2
2023-03-15,108.65,107.3,109.1,107.3
2023-03-16,105.05,107.45,107.45,103.75
2023-03-17,107.05,106.15,107.35,105.0
2023-03-20,104.5,105.5,106.5,103.85
2023-03-21,104.9,105.85,105.85,104.25
2023-03-22,104.8,104.9,105.95,104.45
2023-03-23,104.85,104.5,105.5,104.3
2023-03-24,102.15,104.85,105.2,101.7
2023-03-27,102.3,102.55,103.4,102.1
2023-03-28,102.5,102.75,103.15,102.35
2023-03-29,103.6,102.45,104.1,101.65
2023-03-31,104.5,104.1,105.45,104.05
2023-04-03,104.05,104.6,105.3,103.8
2023-04-05,104.85,104.05,105.0,103.25
2023-04-06,104.4,104.75,105.1,104.2
2023-04-10,104.95,104.3,105.75,104.3
2023-04-11,107.5,105.2,107.85,105.1
2023-04-12,107.6,107.85,108.4,106.9
2023-04-13,107.45,107.55,108.2,105.9
2023-04-17,107.2,107.3,108.35,106.75
2023-04-18,107.6,107.2,107.9,106.85
2023-04-19,108.15,107.7,110.4,107.7
2023-04-20,108.0,108.15,108.7,107.35
2023-04-21,106.15,107.8,108.2,105.35
2023-04-24,106.5,106.25,106.7,105.35
2023-04-25,107.05,106.5,107.6,106.25
2023-04-26,106.8,106.3,107.05,105.9
2023-04-27,107.6,106.9,107.8,106.3
2023-04-28,107.9,107.8,108.55,107.3
2023-05-02,110.3,107.9,110.85,107.9
2023-05-03,109.8,110.5,111.05,108.75
2023-05-04,111.05,109.85,111.85,109.55
2023-05-05,108.65,110.95,110.95,108.4
2023-05-08,109.55,109.1,109.8,108.35
2023-05-09,109.55,109.55,111.2,109.15
2023-05-10,109.2,109.6,110.05,108.6
2023-05-11,108.55,109.2,109.5,108.3
2023-05-12,106.75,108.25,108.4,106.55
2023-05-15,107.7,107.0,108.15,105.65
2023-05-16,107.35,108.2,108.65,107.2
2023-05-17,106.0,107.35,107.45,105.65
2023-05-18,105.2,106.15,107.15,105.1
2023-05-19,104.65,105.25,105.7,104.1
2023-05-22,104.95,104.7,105.25,104.4
2023-05-23,105.7,104.95,106.05,104.95
2023-05-24,105.3,105.05,105.7,104.85
2023-05-25,104.9,105.0,105.25,104.3
2023-05-26,106.4,104.9,106.7,104.9
2023-05-29,108.4,106.8,108.85,106.3
2023-05-30,107.15,108.8,108.95,106.9
2023-05-31,105.85,106.2,106.95,105.65
2023-06-01,105.95,105.85,106.65,105.8
2023-06-02,108.0,106.3,108.25,106.3
2023-06-05,109.35,108.5,109.9,107.8
2023-06-06,109.0,109.65,109.85,108.3
2023-06-07,111.5,109.3,111.75,108.95
2023-06-08,111.1,111.5,113.0,110.95
2023-06-09,108.9,111.15,111.6,108.7
2023-06-12,109.5,108.9,110.6,108.9
2023-06-13,111.1,110.0,111.85,109.7
2023-06-14,113.75,111.1,114.0,111.1
2023-06-15,113.7,113.8,114.2,113.25
2023-06-16,114.25,114.25,114.85,113.85
2023-06-19,114.0,115.25,115.5,113.05
2023-06-20,114.3,114.05,115.25,113.5
2023-06-21,113.9,114.7,114.85,112.85
2023-06-22,111.1,111.3,112.15,110.6
2023-06-23,109.6,110.65,110.7,109.2
2023-06-26,109.85,109.55,110.25,108.15
2023-06-27,110.7,110.8,111.5,110.2
2023-06-28,111.55,111.15,112.1,110.9
2023-06-30,112.0,111.5,112.2,110.5
2023-07-03,113.05,112.05,114.25,112.05
2023-07-04,112.4,112.8,113.4,112.1
2023-07-05,112.9,112.4,113.6,112.35
2023-07-06,112.65,112.35,112.85,111.45
2023-07-07,111.6,112.4,113.3,111.3
2023-07-10,115.35,112.0,115.7,111.6
2023-07-11,115.15,115.5,116.1,114.8
2023-07-12,114.6,115.1,116.25,114.0
2023-07-13,114.85,115.8,116.95,114.55
2023-07-14,117.05,115.8,117.75,114.8
2023-07-17,117.7,117.75,119.3,117.1
2023-07-18,116.5,117.8,118.2,116.35
2023-07-19,116.45,116.8,117.15,115.0
2023-07-20,116.9,116.6,117.25,116.35
2023-07-21,116.65,116.85,117.95,115.45
2023-07-24,115.45,116.1,116.35,114.4
2023-07-25,119.2,114.75,119.9,114.35
2023-07-26,119.95,119.35,120.6,118.8
2023-07-27,119.8,120.1,121.45,119.15
2023-07-28,120.55,120.1,121.1,118.75
2023-07-31,123.15,120.4,123.9,120.4
2023-08-01,123.2,123.2,124.1,122.55
2023-08-02,118.95,123.0,123.0,118.3
2023-08-03,118.3,118.25,119.65,117.4
2023-08-04,119.0,119.2,119.8,118.0
2023-08-07,118.8,119.3,119.5,118.0
2023-08-08,118.1,118.85,119.5,117.85
2023-08-09,120.15,118.1,120.5,116.9
2023-08-10,120.0,120.15,120.6,119.25
2023-08-11,120.3,120.1,121.5,119.15
2023-08-14,118.15,120.1,120.3,117.35
2023-08-16,115.9,117.9,118.0,115.45
2023-08-17,116.05,115.9,116.85,114.7
2023-08-18,115.75,116.15,116.45,114.8
2023-08-21,116.85,116.65,117.1,115.85
2023-08-22,117.55,117.05,117.75,116.5
2023-08-23,118.9,117.65,119.25,117.65
2023-08-24,118.25,119.4,120.05,118.1
2023-08-25,116.9,118.0,118.1,116.65
2023-08-28,117.6,116.95,118.25,116.95
2023-08-29,119.55,118.5,120.15,117.7
2023-08-30,122.05,120.15,122.7,120.15
2023-08-31,123.0,122.7,123.35,122.15
2023-09-01,127.1,123.35,128.6,123.3
2023-09-04,131.7,128.85,132.85,128.85
2023-09-05,131.7,131.7,132.4,128.9
2023-09-06,129.5,132.4,132.45,128.2
2023-09-07,130.15,129.85,130.8,128.6
2023-09-08,129.55,131.15,131.6,129.2
2023-09-11,131.05,129.5,131.85,129.2
2023-09-12,128.85,132.65,133.2,128.65
2023-09-13,129.5,129.8,130.45,127.75
2023-09-14,131.65,131.0,134.25,130.65
2023-09-15,132.05,132.8,133.3,129.9
2023-09-18,130.45,134.75,134.85,130.1
2023-09-20,128.3,130.45,131.8,128.0
2023-09-21,127.8,128.3,129.25,127.25
2023-09-22,126.7,127.25,128.65,125.5
2023-09-25,127.35,127.05,128.3,126.15
2023-09-26,128.85,129.7,130.55,128.5
2023-09-27,128.15,128.95,128.95,126.7
2023-09-28,126.75,128.45,129.35,126.3
2023-09-29,129.0,128.05,129.6,127.6
2023-10-03,128.0,129.0,129.0,127.25
2023-10-04,125.3,127.7,127.7,124.55
2023-10-05,125.25,126.45,126.45,124.5
2023-10-06,125.9,126.15,127.0,125.1
2023-10-09,123.8,124.65,124.85,122.5
2023-10-10,125.25,124.35,125.9,123.75
2023-10-11,124.95,126.0,126.35,124.75
2023-10-12,125.85,125.85,126.9,125.15
2023-10-13,125.0,125.25,125.75,124.2
2023-10-16,127.0,125.1,127.25,125.0
2023-10-17,127.35,127.8,128.55,127.05
2023-10-18,127.1,128.25,128.75,126.65
2023-10-19,125.9,125.75,126.45,124.35
2023-10-20,123.1,125.1,125.75,122.8
2023-10-23,120.0,123.65,123.65,119.7
2023-10-25,121.35,120.5,122.8,120.5
2023-10-26,119.9,121.2,121.2,118.85
2023-10-27,119.9,120.3,121.65,119.5
2023-10-30,119.15,121.05,121.25,118.95
2023-10-31,118.75,119.75,120.15,118.4
2023-11-01,116.6,119.0,119.1,116.0
2023-11-02,118.15,114.25,118.6,114.25
2023-11-03,117.3,118.3,118.6,117.05
2023-11-06,119.4,118.9,119.65,117.5
2023-11-07,119.75,119.4,120.2,118.4
2023-11-08,119.05,119.95,120.45,118.55
2023-11-09,119.7,119.4,120.5,118.85
2023-11-10,120.1,119.65,120.45,118.8
2023-11-12,120.85,121.9,121.9,120.65
2023-11-13,120.95,121.0,121.25,119.95
2023-11-15,124.0,121.55,124.35,121.55
2023-11-16,124.7,124.0,125.25,123.0
2023-11-17,125.15,124.7,126.0,124.3
2023-11-20,124.45,125.15,125.65,124.05
2023-11-21,126.25,124.95,126.35,124.95
2023-11-22,126.1,126.5,126.9,125.4
2023-11-23,126.7,126.2,127.4,125.9
2023-11-24,125.9,126.6,127.05,125.55
2023-11-28,126.85,126.75,127.0,126.0
2023-11-29,127.7,127.05,128.15,126.75
2023-11-30,127.95,127.95,128.8,126.5
2023-12-01,129.95,128.6,130.35,127.95
2023-12-04,130.95,132.45,132.45,130.4
2023-12-05,131.6,131.15,132.5,130.0
2023-12-06,131.8,132.25,133.35,130.8
2023-12-07,130.0,131.95,132.2,129.75
2023-12-08,129.2,130.35,131.4,127.9
2023-12-11,130.05,129.7,130.5,128.7
2023-12-12,130.15,130.1,132.1,129.7
2023-12-13,131.35,130.7,131.55,129.15
2023-12-14,132.0,131.65,133.25,131.4
2023-12-15,136.4,133.05,136.7,133.05
2023-12-18,136.6,137.2,137.65,135.1
2023-12-19,135.4,137.25,137.55,134.8
2023-12-20,129.7,135.9,136.0,128.7
2023-12-21,131.0,128.9,131.4,127.8
2023-12-22,133.5,132.5,134.7,131.65
2023-12-26,135.2,134.95,136.1,134.5
2023-12-27,137.15,136.15,138.8,135.55
2023-12-28,138.15,138.75,138.8,136.9
2023-12-29,139.5,138.85,141.2,137.15
2024-01-01,139.9,142.15,142.15,139.0
2024-01-02,139.55,140.5,140.5,137.05
2024-01-03,135.3,139.65,139.65,134.35
2024-01-04,134.25,136.95,136.95,134.0
2024-01-05,133.65,135.15,135.95,132.9
2024-01-08,132.05,135.45,135.9,131.8
2024-01-09,133.65,133.5,134.7,132.5
2024-01-10,134.1,134.0,134.75,132.1
2024-01-11,134.9,135.0,135.75,134.15
2024-01-12,135.3,135.95,136.2,134.65
2024-01-15,134.95,136.25,136.25,134.0
2024-01-16,137.25,134.65,138.5,134.05
2024-01-17,131.65,136.35,136.35,131.5
2024-01-18,131.05,131.85,132.25,128.1
2024-01-19,134.2,132.6,134.7,131.7
2024-01-20,133.9,134.95,135.2,133.3
2024-01-23,130.1,135.1,135.2,129.5
2024-01-24,135.15,131.95,135.45,130.2
2024-01-25,133.65,136.3,136.3,132.0
2024-01-29,135.0,135.7,135.7,133.5
2024-01-30,134.7,135.5,137.7,134.5
2024-01-31,135.9,135.0,136.7,134.45
2024-02-01,134.8,136.8,136.8,134.5
2024-02-02,138.7,135.05,139.6,134.9
2024-02-05,141.5,140.0,143.3,139.4
2024-02-06,144.7,143.1,145.1,140.4
2024-02-07,144.35,147.0,147.35,144.0
2024-02-08,143.7,146.1,146.1,143.05
2024-02-09,141.3,144.45,144.45,139.1
2024-02-12,137.4,142.25,142.95,136.7
2024-02-13,137.9,137.6,138.25,134.1
2024-02-14,141.15,136.8,141.5,135.75
2024-02-15,141.2,141.95,143.45,140.95
2024-02-16,142.35,141.95,143.45,141.45
2024-02-19,141.9,143.05,143.2,141.3
2024-02-20,141.05,141.9,142.0,140.05
2024-02-21,143.85,141.7,146.0,141.5
2024-02-22,145.85,145.15,146.15,143.5
2024-02-23,145.5,146.9,147.1,144.95
2024-02-26,142.6,146.0,146.0,142.25
2024-02-27,144.15,143.8,145.85,142.0
2024-02-28,140.75,143.75,144.95,140.1
2024-02-29,140.9,140.9,141.75,139.35
2024-03-01,150.0,142.05,150.65,142.05
2024-03-02,155.15,152.0,156.05,151.0
2024-03-04,153.1,155.25,155.25,151.05
2024-03-05,151.85,153.85,154.0,150.8
2024-03-06,151.35,151.95,152.65,147.9
2024-03-07,157.15,152.5,159.15,152.35
2024-03-11,153.5,159.5,159.5,153.05
2024-03-12,152.45,154.5,154.5,150.9
2024-03-13,143.5,152.5,153.0,142.5
2024-03-14,142.5,143.8,143.8,138.4
2024-03-15,141.55,143.3,143.65,139.85
2024-03-18,149.6,143.85,150.25,142.2
2024-03-19,148.65,149.55,152.55,147.55
2024-03-20,145.7,149.7,150.7,143.85
2024-03-21,150.15,148.05,151.15,147.9
2024-03-22,151.5,148.05,152.75,148.6
